
2026-02-17 10:36:51,527 - f:App:24 [INFO]:
0. Inicio del programa
2026-02-17 10:36:51,528 - f:App:140 [INFO]:
Tipo de bbdd: sqlite
2026-02-17 10:36:54,169 - f:dbTipo:104 [INFO]:
BBDD eliminada
2026-02-17 10:36:54,179 - f:dbTipo:104 [INFO]:
Script sql ejecutado correctamente.
2026-02-17 10:36:54,179 - f:dbTipo:104 [INFO]:
Lectura SELECT name FROM sqlite_master WHERE type like 'table' AND name NOT LIKE 'sqlite_%' ORDER BY name; correcta
2026-02-17 10:36:54,180 - f:dbTipo:104 [INFO]:
Lectura SELECT 'alumnos' AS table_name, name AS column_name, cid + 1 AS ordinal_position, dflt_value AS column_default, CASE 'notnull' WHEN 0 THEN 'YES' ELSE 'NO' END AS is_nullable, type AS data_type, NULL AS character_maximum_length, NULL AS numeric_precision, type AS column_type, CASE pk WHEN 1 THEN 'PRI' ELSE '' END AS column_key, NULL AS column_comment FROM pragma_table_info('alumnos'); correcta
2026-02-17 10:36:54,180 - f:dbTipo:104 [INFO]:
Lectura SELECT 'calificaciones' AS table_name, name AS column_name, cid + 1 AS ordinal_position, dflt_value AS column_default, CASE 'notnull' WHEN 0 THEN 'YES' ELSE 'NO' END AS is_nullable, type AS data_type, NULL AS character_maximum_length, NULL AS numeric_precision, type AS column_type, CASE pk WHEN 1 THEN 'PRI' ELSE '' END AS column_key, NULL AS column_comment FROM pragma_table_info('calificaciones'); correcta
2026-02-17 10:36:54,184 - f:pythonSalida:52 [INFO]:
Generando CRUD para tabla alumnos...
2026-02-17 10:36:54,184 - f:pythonSalida:53 [INFO]:
DB: salida/php/db_in_sqlite.db, Tipo de salida: python
2026-02-17 10:36:54,186 - f:pythonSalida:52 [INFO]:
Generando CRUD para tabla calificaciones...
2026-02-17 10:36:54,186 - f:pythonSalida:53 [INFO]:
DB: salida/php/db_in_sqlite.db, Tipo de salida: python
2026-02-17 10:41:24,505 - f:App:24 [INFO]:
0. Inicio del programa
2026-02-17 10:41:24,505 - f:App:140 [INFO]:
Tipo de bbdd: sqlite
2026-02-17 10:41:26,268 - f:dbTipo:108 [ERROR]:
Error ejecutando el script SQL: table `alumnos` already exists
2026-02-17 10:41:30,503 - f:App:24 [INFO]:
0. Inicio del programa
2026-02-17 10:41:30,503 - f:App:140 [INFO]:
Tipo de bbdd: sqlite
2026-02-17 10:41:31,694 - f:dbTipo:104 [INFO]:
BBDD eliminada
2026-02-17 10:41:31,703 - f:dbTipo:104 [INFO]:
Script sql ejecutado correctamente.
2026-02-17 10:41:31,704 - f:dbTipo:104 [INFO]:
Lectura SELECT name FROM sqlite_master WHERE type like 'table' AND name NOT LIKE 'sqlite_%' ORDER BY name; correcta
2026-02-17 10:41:31,704 - f:dbTipo:104 [INFO]:
Lectura SELECT 'alumnos' AS table_name, name AS column_name, cid + 1 AS ordinal_position, dflt_value AS column_default, CASE 'notnull' WHEN 0 THEN 'YES' ELSE 'NO' END AS is_nullable, type AS data_type, NULL AS character_maximum_length, NULL AS numeric_precision, type AS column_type, CASE pk WHEN 1 THEN 'PRI' ELSE '' END AS column_key, NULL AS column_comment FROM pragma_table_info('alumnos'); correcta
2026-02-17 10:41:31,704 - f:dbTipo:104 [INFO]:
Lectura SELECT 'calificaciones' AS table_name, name AS column_name, cid + 1 AS ordinal_position, dflt_value AS column_default, CASE 'notnull' WHEN 0 THEN 'YES' ELSE 'NO' END AS is_nullable, type AS data_type, NULL AS character_maximum_length, NULL AS numeric_precision, type AS column_type, CASE pk WHEN 1 THEN 'PRI' ELSE '' END AS column_key, NULL AS column_comment FROM pragma_table_info('calificaciones'); correcta
2026-02-17 10:41:47,392 - f:App:24 [INFO]:
0. Inicio del programa
2026-02-17 10:41:47,393 - f:App:140 [INFO]:
Tipo de bbdd: sqlite
2026-02-17 10:41:48,539 - f:dbTipo:104 [INFO]:
BBDD eliminada
2026-02-17 10:41:48,548 - f:dbTipo:104 [INFO]:
Script sql ejecutado correctamente.
2026-02-17 10:41:48,548 - f:dbTipo:104 [INFO]:
Lectura SELECT name FROM sqlite_master WHERE type like 'table' AND name NOT LIKE 'sqlite_%' ORDER BY name; correcta
2026-02-17 10:41:48,548 - f:dbTipo:104 [INFO]:
Lectura SELECT 'alumnos' AS table_name, name AS column_name, cid + 1 AS ordinal_position, dflt_value AS column_default, CASE 'notnull' WHEN 0 THEN 'YES' ELSE 'NO' END AS is_nullable, type AS data_type, NULL AS character_maximum_length, NULL AS numeric_precision, type AS column_type, CASE pk WHEN 1 THEN 'PRI' ELSE '' END AS column_key, NULL AS column_comment FROM pragma_table_info('alumnos'); correcta
2026-02-17 10:41:48,549 - f:dbTipo:104 [INFO]:
Lectura SELECT 'calificaciones' AS table_name, name AS column_name, cid + 1 AS ordinal_position, dflt_value AS column_default, CASE 'notnull' WHEN 0 THEN 'YES' ELSE 'NO' END AS is_nullable, type AS data_type, NULL AS character_maximum_length, NULL AS numeric_precision, type AS column_type, CASE pk WHEN 1 THEN 'PRI' ELSE '' END AS column_key, NULL AS column_comment FROM pragma_table_info('calificaciones'); correcta
2026-02-17 10:41:48,554 - f:pythonSalida:52 [INFO]:
Generando CRUD para tabla alumnos...
2026-02-17 10:41:48,554 - f:pythonSalida:53 [INFO]:
DB: salida/php/db_in_sqlite.db, Tipo de salida: python
2026-02-17 10:41:48,556 - f:pythonSalida:52 [INFO]:
Generando CRUD para tabla calificaciones...
2026-02-17 10:41:48,556 - f:pythonSalida:53 [INFO]:
DB: salida/php/db_in_sqlite.db, Tipo de salida: python
2026-02-17 10:42:26,764 - f:App:24 [INFO]:
0. Inicio del programa
2026-02-17 10:42:26,764 - f:App:140 [INFO]:
Tipo de bbdd: sqlite
2026-02-17 10:42:28,270 - f:dbTipo:108 [ERROR]:
Error ejecutando el script SQL: table `alumnos` already exists
2026-02-17 10:42:34,036 - f:App:24 [INFO]:
0. Inicio del programa
2026-02-17 10:42:34,036 - f:App:140 [INFO]:
Tipo de bbdd: sqlite
2026-02-17 10:42:34,993 - f:dbTipo:104 [INFO]:
BBDD eliminada
2026-02-17 10:42:34,995 - f:dbTipo:104 [INFO]:
Script sql ejecutado correctamente.
2026-02-17 10:42:34,996 - f:dbTipo:104 [INFO]:
Lectura SELECT name FROM sqlite_master WHERE type like 'table' AND name NOT LIKE 'sqlite_%' ORDER BY name; correcta
2026-02-17 10:42:34,996 - f:dbTipo:104 [INFO]:
Lectura SELECT 'alumnos' AS table_name, name AS column_name, cid + 1 AS ordinal_position, dflt_value AS column_default, CASE 'notnull' WHEN 0 THEN 'YES' ELSE 'NO' END AS is_nullable, type AS data_type, NULL AS character_maximum_length, NULL AS numeric_precision, type AS column_type, CASE pk WHEN 1 THEN 'PRI' ELSE '' END AS column_key, NULL AS column_comment FROM pragma_table_info('alumnos'); correcta
2026-02-17 10:42:34,996 - f:dbTipo:104 [INFO]:
Lectura SELECT 'calificaciones' AS table_name, name AS column_name, cid + 1 AS ordinal_position, dflt_value AS column_default, CASE 'notnull' WHEN 0 THEN 'YES' ELSE 'NO' END AS is_nullable, type AS data_type, NULL AS character_maximum_length, NULL AS numeric_precision, type AS column_type, CASE pk WHEN 1 THEN 'PRI' ELSE '' END AS column_key, NULL AS column_comment FROM pragma_table_info('calificaciones'); correcta
2026-02-17 10:42:35,001 - f:pythonSalida:52 [INFO]:
Generando CRUD para tabla alumnos...
2026-02-17 10:42:35,001 - f:pythonSalida:53 [INFO]:
DB: salida/php/db_in_sqlite.db, Tipo de salida: python
2026-02-17 10:42:35,002 - f:pythonSalida:52 [INFO]:
Generando CRUD para tabla calificaciones...
2026-02-17 10:42:35,002 - f:pythonSalida:53 [INFO]:
DB: salida/php/db_in_sqlite.db, Tipo de salida: python
2026-02-17 10:42:35,003 - f:utils:22 [INFO]:
Lanzar aplicación con 'py /media/homeUbuntu/luis/Documentos/cursos/fp_a_distancia/26-Python/gac/tarea2/salida/python/crud.py'
2026-02-17 10:46:33,375 - f:App:24 [INFO]:
0. Inicio del programa
2026-02-17 10:46:33,376 - f:App:140 [INFO]:
Tipo de bbdd: sqlite
2026-02-17 10:46:34,579 - f:dbTipo:104 [INFO]:
BBDD eliminada
2026-02-17 10:46:34,581 - f:dbTipo:104 [INFO]:
Script sql ejecutado correctamente.
2026-02-17 10:46:34,582 - f:dbTipo:104 [INFO]:
Lectura SELECT name FROM sqlite_master WHERE type like 'table' AND name NOT LIKE 'sqlite_%' ORDER BY name; correcta
2026-02-17 10:46:34,582 - f:dbTipo:104 [INFO]:
Lectura SELECT 'alumnos' AS table_name, name AS column_name, cid + 1 AS ordinal_position, dflt_value AS column_default, CASE 'notnull' WHEN 0 THEN 'YES' ELSE 'NO' END AS is_nullable, type AS data_type, NULL AS character_maximum_length, NULL AS numeric_precision, type AS column_type, CASE pk WHEN 1 THEN 'PRI' ELSE '' END AS column_key, NULL AS column_comment FROM pragma_table_info('alumnos'); correcta
2026-02-17 10:46:34,582 - f:dbTipo:104 [INFO]:
Lectura SELECT 'calificaciones' AS table_name, name AS column_name, cid + 1 AS ordinal_position, dflt_value AS column_default, CASE 'notnull' WHEN 0 THEN 'YES' ELSE 'NO' END AS is_nullable, type AS data_type, NULL AS character_maximum_length, NULL AS numeric_precision, type AS column_type, CASE pk WHEN 1 THEN 'PRI' ELSE '' END AS column_key, NULL AS column_comment FROM pragma_table_info('calificaciones'); correcta
2026-02-17 10:46:34,587 - f:pythonSalida:52 [INFO]:
Generando CRUD para tabla alumnos...
2026-02-17 10:46:34,587 - f:pythonSalida:53 [INFO]:
DB: salida/php/db_in_sqlite.db, Tipo de salida: python
2026-02-17 10:46:34,588 - f:pythonSalida:52 [INFO]:
Generando CRUD para tabla calificaciones...
2026-02-17 10:46:34,588 - f:pythonSalida:53 [INFO]:
DB: salida/php/db_in_sqlite.db, Tipo de salida: python
2026-02-17 10:46:54,289 - f:App:24 [INFO]:
0. Inicio del programa
2026-02-17 10:46:54,289 - f:App:140 [INFO]:
Tipo de bbdd: sqlite
2026-02-17 10:46:56,529 - f:dbTipo:108 [ERROR]:
Error ejecutando el script SQL: table `alumnos` already exists
2026-02-17 10:47:13,414 - f:App:24 [INFO]:
0. Inicio del programa
2026-02-17 10:47:13,414 - f:App:140 [INFO]:
Tipo de bbdd: sqlite
2026-02-17 10:47:14,359 - f:dbTipo:104 [INFO]:
BBDD eliminada
2026-02-17 10:47:14,367 - f:dbTipo:104 [INFO]:
Script sql ejecutado correctamente.
2026-02-17 10:47:14,368 - f:dbTipo:104 [INFO]:
Lectura SELECT name FROM sqlite_master WHERE type like 'table' AND name NOT LIKE 'sqlite_%' ORDER BY name; correcta
2026-02-17 10:47:14,368 - f:dbTipo:104 [INFO]:
Lectura SELECT 'alumnos' AS table_name, name AS column_name, cid + 1 AS ordinal_position, dflt_value AS column_default, CASE 'notnull' WHEN 0 THEN 'YES' ELSE 'NO' END AS is_nullable, type AS data_type, NULL AS character_maximum_length, NULL AS numeric_precision, type AS column_type, CASE pk WHEN 1 THEN 'PRI' ELSE '' END AS column_key, NULL AS column_comment FROM pragma_table_info('alumnos'); correcta
2026-02-17 10:47:14,368 - f:dbTipo:104 [INFO]:
Lectura SELECT 'calificaciones' AS table_name, name AS column_name, cid + 1 AS ordinal_position, dflt_value AS column_default, CASE 'notnull' WHEN 0 THEN 'YES' ELSE 'NO' END AS is_nullable, type AS data_type, NULL AS character_maximum_length, NULL AS numeric_precision, type AS column_type, CASE pk WHEN 1 THEN 'PRI' ELSE '' END AS column_key, NULL AS column_comment FROM pragma_table_info('calificaciones'); correcta
2026-02-17 10:47:14,373 - f:pythonSalida:52 [INFO]:
Generando CRUD para tabla alumnos...
2026-02-17 10:47:14,373 - f:pythonSalida:53 [INFO]:
DB: salida/php/db_in_sqlite.db, Tipo de salida: python
2026-02-17 10:47:14,375 - f:pythonSalida:52 [INFO]:
Generando CRUD para tabla calificaciones...
2026-02-17 10:47:14,375 - f:pythonSalida:53 [INFO]:
DB: salida/php/db_in_sqlite.db, Tipo de salida: python
2026-02-17 10:47:14,376 - f:utils:22 [INFO]:
Lanzar aplicación con 'py /media/homeUbuntu/luis/Documentos/cursos/fp_a_distancia/26-Python/gac/tarea2/salida/python/crud.py'
2026-02-17 10:57:38,668 - f:App:24 [INFO]:
0. Inicio del programa
2026-02-17 10:57:38,668 - f:App:140 [INFO]:
Tipo de bbdd: sqlite
2026-02-17 10:57:40,047 - f:dbTipo:104 [INFO]:
BBDD eliminada
2026-02-17 10:57:40,056 - f:dbTipo:104 [INFO]:
Script sql ejecutado correctamente.
2026-02-17 10:57:40,056 - f:dbTipo:104 [INFO]:
Lectura SELECT name FROM sqlite_master WHERE type like 'table' AND name NOT LIKE 'sqlite_%' ORDER BY name; correcta
2026-02-17 10:57:40,056 - f:dbTipo:104 [INFO]:
Lectura SELECT 'alumnos' AS table_name, name AS column_name, cid + 1 AS ordinal_position, dflt_value AS column_default, CASE 'notnull' WHEN 0 THEN 'YES' ELSE 'NO' END AS is_nullable, type AS data_type, NULL AS character_maximum_length, NULL AS numeric_precision, type AS column_type, CASE pk WHEN 1 THEN 'PRI' ELSE '' END AS column_key, NULL AS column_comment FROM pragma_table_info('alumnos'); correcta
2026-02-17 10:57:40,056 - f:dbTipo:104 [INFO]:
Lectura SELECT 'calificaciones' AS table_name, name AS column_name, cid + 1 AS ordinal_position, dflt_value AS column_default, CASE 'notnull' WHEN 0 THEN 'YES' ELSE 'NO' END AS is_nullable, type AS data_type, NULL AS character_maximum_length, NULL AS numeric_precision, type AS column_type, CASE pk WHEN 1 THEN 'PRI' ELSE '' END AS column_key, NULL AS column_comment FROM pragma_table_info('calificaciones'); correcta
2026-02-17 10:57:40,062 - f:pythonSalida:52 [INFO]:
Generando CRUD para tabla alumnos...
2026-02-17 10:57:40,062 - f:pythonSalida:53 [INFO]:
DB: salida/php/db_in_sqlite.db, Tipo de salida: python
2026-02-17 11:03:56,774 - f:App:24 [INFO]:
0. Inicio del programa
2026-02-17 11:03:56,774 - f:App:140 [INFO]:
Tipo de bbdd: sqlite
2026-02-17 11:03:57,832 - f:dbTipo:104 [INFO]:
BBDD eliminada
2026-02-17 11:03:57,840 - f:dbTipo:104 [INFO]:
Script sql ejecutado correctamente.
2026-02-17 11:03:57,840 - f:dbTipo:104 [INFO]:
Lectura SELECT name FROM sqlite_master WHERE type like 'table' AND name NOT LIKE 'sqlite_%' ORDER BY name; correcta
2026-02-17 11:03:57,840 - f:dbTipo:104 [INFO]:
Lectura SELECT 'alumnos' AS table_name, name AS column_name, cid + 1 AS ordinal_position, dflt_value AS column_default, CASE 'notnull' WHEN 0 THEN 'YES' ELSE 'NO' END AS is_nullable, type AS data_type, NULL AS character_maximum_length, NULL AS numeric_precision, type AS column_type, CASE pk WHEN 1 THEN 'PRI' ELSE '' END AS column_key, NULL AS column_comment FROM pragma_table_info('alumnos'); correcta
2026-02-17 11:03:57,840 - f:dbTipo:104 [INFO]:
Lectura SELECT 'calificaciones' AS table_name, name AS column_name, cid + 1 AS ordinal_position, dflt_value AS column_default, CASE 'notnull' WHEN 0 THEN 'YES' ELSE 'NO' END AS is_nullable, type AS data_type, NULL AS character_maximum_length, NULL AS numeric_precision, type AS column_type, CASE pk WHEN 1 THEN 'PRI' ELSE '' END AS column_key, NULL AS column_comment FROM pragma_table_info('calificaciones'); correcta
2026-02-17 11:03:57,846 - f:pythonSalida:52 [INFO]:
Generando CRUD para tabla alumnos...
2026-02-17 11:03:57,846 - f:pythonSalida:53 [INFO]:
DB: salida/php/db_in_sqlite.db, Tipo de salida: python
2026-02-17 11:03:57,847 - f:pythonSalida:52 [INFO]:
Generando CRUD para tabla calificaciones...
2026-02-17 11:03:57,847 - f:pythonSalida:53 [INFO]:
DB: salida/php/db_in_sqlite.db, Tipo de salida: python
2026-02-17 11:03:57,848 - f:utils:22 [INFO]:
Lanzar aplicación con 'py /media/homeUbuntu/luis/Documentos/cursos/fp_a_distancia/26-Python/gac/tarea2/salida/python/crud.py'
2026-02-17 11:05:11,399 - f:App:24 [INFO]:
0. Inicio del programa
2026-02-17 11:05:11,399 - f:App:140 [INFO]:
Tipo de bbdd: sqlite
2026-02-17 11:05:12,960 - f:dbTipo:104 [INFO]:
BBDD eliminada
2026-02-17 11:05:12,969 - f:dbTipo:104 [INFO]:
Script sql ejecutado correctamente.
2026-02-17 11:05:12,969 - f:dbTipo:104 [INFO]:
Lectura SELECT name FROM sqlite_master WHERE type like 'table' AND name NOT LIKE 'sqlite_%' ORDER BY name; correcta
2026-02-17 11:05:12,969 - f:dbTipo:104 [INFO]:
Lectura SELECT 'alumnos' AS table_name, name AS column_name, cid + 1 AS ordinal_position, dflt_value AS column_default, CASE 'notnull' WHEN 0 THEN 'YES' ELSE 'NO' END AS is_nullable, type AS data_type, NULL AS character_maximum_length, NULL AS numeric_precision, type AS column_type, CASE pk WHEN 1 THEN 'PRI' ELSE '' END AS column_key, NULL AS column_comment FROM pragma_table_info('alumnos'); correcta
2026-02-17 11:05:12,969 - f:dbTipo:104 [INFO]:
Lectura SELECT 'calificaciones' AS table_name, name AS column_name, cid + 1 AS ordinal_position, dflt_value AS column_default, CASE 'notnull' WHEN 0 THEN 'YES' ELSE 'NO' END AS is_nullable, type AS data_type, NULL AS character_maximum_length, NULL AS numeric_precision, type AS column_type, CASE pk WHEN 1 THEN 'PRI' ELSE '' END AS column_key, NULL AS column_comment FROM pragma_table_info('calificaciones'); correcta
2026-02-17 11:05:12,974 - f:pythonSalida:52 [INFO]:
Generando CRUD para tabla alumnos...
2026-02-17 11:05:12,975 - f:pythonSalida:53 [INFO]:
DB: salida/php/db_in_sqlite.db, Tipo de salida: python
2026-02-17 11:05:31,138 - f:App:24 [INFO]:
0. Inicio del programa
2026-02-17 11:05:31,138 - f:App:140 [INFO]:
Tipo de bbdd: sqlite
2026-02-17 11:05:32,589 - f:dbTipo:104 [INFO]:
BBDD eliminada
2026-02-17 11:05:32,598 - f:dbTipo:104 [INFO]:
Script sql ejecutado correctamente.
2026-02-17 11:05:32,599 - f:dbTipo:104 [INFO]:
Lectura SELECT name FROM sqlite_master WHERE type like 'table' AND name NOT LIKE 'sqlite_%' ORDER BY name; correcta
2026-02-17 11:05:32,599 - f:dbTipo:104 [INFO]:
Lectura SELECT 'alumnos' AS table_name, name AS column_name, cid + 1 AS ordinal_position, dflt_value AS column_default, CASE 'notnull' WHEN 0 THEN 'YES' ELSE 'NO' END AS is_nullable, type AS data_type, NULL AS character_maximum_length, NULL AS numeric_precision, type AS column_type, CASE pk WHEN 1 THEN 'PRI' ELSE '' END AS column_key, NULL AS column_comment FROM pragma_table_info('alumnos'); correcta
2026-02-17 11:05:32,599 - f:dbTipo:104 [INFO]:
Lectura SELECT 'calificaciones' AS table_name, name AS column_name, cid + 1 AS ordinal_position, dflt_value AS column_default, CASE 'notnull' WHEN 0 THEN 'YES' ELSE 'NO' END AS is_nullable, type AS data_type, NULL AS character_maximum_length, NULL AS numeric_precision, type AS column_type, CASE pk WHEN 1 THEN 'PRI' ELSE '' END AS column_key, NULL AS column_comment FROM pragma_table_info('calificaciones'); correcta
2026-02-17 11:05:32,604 - f:pythonSalida:52 [INFO]:
Generando CRUD para tabla alumnos...
2026-02-17 11:05:32,604 - f:pythonSalida:53 [INFO]:
DB: salida/php/db_in_sqlite.db, Tipo de salida: python
2026-02-17 11:05:32,605 - f:pythonSalida:52 [INFO]:
Generando CRUD para tabla calificaciones...
2026-02-17 11:05:32,605 - f:pythonSalida:53 [INFO]:
DB: salida/php/db_in_sqlite.db, Tipo de salida: python
2026-02-17 11:05:32,606 - f:utils:22 [INFO]:
Lanzar aplicación con 'py /media/homeUbuntu/luis/Documentos/cursos/fp_a_distancia/26-Python/gac/tarea2/salida/python/crud.py'
2026-02-17 11:11:30,513 - f:App:24 [INFO]:
0. Inicio del programa
2026-02-17 11:11:30,513 - f:App:140 [INFO]:
Tipo de bbdd: sqlite
2026-02-17 11:11:31,541 - f:dbTipo:104 [INFO]:
BBDD eliminada
2026-02-17 11:11:31,550 - f:dbTipo:104 [INFO]:
Script sql ejecutado correctamente.
2026-02-17 11:11:31,550 - f:dbTipo:104 [INFO]:
Lectura SELECT name FROM sqlite_master WHERE type like 'table' AND name NOT LIKE 'sqlite_%' ORDER BY name; correcta
2026-02-17 11:11:31,551 - f:dbTipo:104 [INFO]:
Lectura SELECT 'alumnos' AS table_name, name AS column_name, cid + 1 AS ordinal_position, dflt_value AS column_default, CASE 'notnull' WHEN 0 THEN 'YES' ELSE 'NO' END AS is_nullable, type AS data_type, NULL AS character_maximum_length, NULL AS numeric_precision, type AS column_type, CASE pk WHEN 1 THEN 'PRI' ELSE '' END AS column_key, NULL AS column_comment FROM pragma_table_info('alumnos'); correcta
2026-02-17 11:11:31,551 - f:dbTipo:104 [INFO]:
Lectura SELECT 'calificaciones' AS table_name, name AS column_name, cid + 1 AS ordinal_position, dflt_value AS column_default, CASE 'notnull' WHEN 0 THEN 'YES' ELSE 'NO' END AS is_nullable, type AS data_type, NULL AS character_maximum_length, NULL AS numeric_precision, type AS column_type, CASE pk WHEN 1 THEN 'PRI' ELSE '' END AS column_key, NULL AS column_comment FROM pragma_table_info('calificaciones'); correcta
2026-02-17 11:11:31,553 - f:pythonSalida:52 [INFO]:
Generando CRUD para tabla alumnos...
2026-02-17 11:11:31,553 - f:pythonSalida:53 [INFO]:
DB: salida/php/db_in_sqlite.db, Tipo de salida: python
2026-02-17 11:11:31,555 - f:pythonSalida:52 [INFO]:
Generando CRUD para tabla calificaciones...
2026-02-17 11:11:31,555 - f:pythonSalida:53 [INFO]:
DB: salida/php/db_in_sqlite.db, Tipo de salida: python
2026-02-17 11:11:31,556 - f:utils:22 [INFO]:
Lanzar aplicación con 'py /media/homeUbuntu/luis/Documentos/cursos/fp_a_distancia/26-Python/gac/tarea2/salida/python/crud.py'
2026-02-17 11:12:11,449 - f:App:24 [INFO]:
0. Inicio del programa
2026-02-17 11:12:11,449 - f:App:140 [INFO]:
Tipo de bbdd: sqlite
2026-02-17 11:12:12,259 - f:dbTipo:104 [INFO]:
BBDD eliminada
2026-02-17 11:12:12,261 - f:dbTipo:104 [INFO]:
Script sql ejecutado correctamente.
2026-02-17 11:12:12,261 - f:dbTipo:104 [INFO]:
Lectura SELECT name FROM sqlite_master WHERE type like 'table' AND name NOT LIKE 'sqlite_%' ORDER BY name; correcta
2026-02-17 11:12:12,261 - f:dbTipo:104 [INFO]:
Lectura SELECT 'alumnos' AS table_name, name AS column_name, cid + 1 AS ordinal_position, dflt_value AS column_default, CASE 'notnull' WHEN 0 THEN 'YES' ELSE 'NO' END AS is_nullable, type AS data_type, NULL AS character_maximum_length, NULL AS numeric_precision, type AS column_type, CASE pk WHEN 1 THEN 'PRI' ELSE '' END AS column_key, NULL AS column_comment FROM pragma_table_info('alumnos'); correcta
2026-02-17 11:12:12,262 - f:dbTipo:104 [INFO]:
Lectura SELECT 'calificaciones' AS table_name, name AS column_name, cid + 1 AS ordinal_position, dflt_value AS column_default, CASE 'notnull' WHEN 0 THEN 'YES' ELSE 'NO' END AS is_nullable, type AS data_type, NULL AS character_maximum_length, NULL AS numeric_precision, type AS column_type, CASE pk WHEN 1 THEN 'PRI' ELSE '' END AS column_key, NULL AS column_comment FROM pragma_table_info('calificaciones'); correcta
2026-02-17 11:12:12,264 - f:pythonSalida:52 [INFO]:
Generando CRUD para tabla alumnos...
2026-02-17 11:12:12,264 - f:pythonSalida:53 [INFO]:
DB: salida/php/db_in_sqlite.db, Tipo de salida: python
2026-02-17 11:12:12,265 - f:pythonSalida:52 [INFO]:
Generando CRUD para tabla calificaciones...
2026-02-17 11:12:12,265 - f:pythonSalida:53 [INFO]:
DB: salida/php/db_in_sqlite.db, Tipo de salida: python
2026-02-17 11:12:12,266 - f:utils:22 [INFO]:
Lanzar aplicación con 'py /media/homeUbuntu/luis/Documentos/cursos/fp_a_distancia/26-Python/gac/tarea2/salida/python/crud.py'
2026-02-17 11:13:07,105 - f:App:24 [INFO]:
0. Inicio del programa
2026-02-17 11:13:07,105 - f:App:140 [INFO]:
Tipo de bbdd: sqlite
2026-02-17 11:13:07,968 - f:dbTipo:104 [INFO]:
BBDD eliminada
2026-02-17 11:13:07,977 - f:dbTipo:104 [INFO]:
Script sql ejecutado correctamente.
2026-02-17 11:13:07,977 - f:dbTipo:104 [INFO]:
Lectura SELECT name FROM sqlite_master WHERE type like 'table' AND name NOT LIKE 'sqlite_%' ORDER BY name; correcta
2026-02-17 11:13:07,977 - f:dbTipo:104 [INFO]:
Lectura SELECT 'alumnos' AS table_name, name AS column_name, cid + 1 AS ordinal_position, dflt_value AS column_default, CASE 'notnull' WHEN 0 THEN 'YES' ELSE 'NO' END AS is_nullable, type AS data_type, NULL AS character_maximum_length, NULL AS numeric_precision, type AS column_type, CASE pk WHEN 1 THEN 'PRI' ELSE '' END AS column_key, NULL AS column_comment FROM pragma_table_info('alumnos'); correcta
2026-02-17 11:13:07,978 - f:dbTipo:104 [INFO]:
Lectura SELECT 'calificaciones' AS table_name, name AS column_name, cid + 1 AS ordinal_position, dflt_value AS column_default, CASE 'notnull' WHEN 0 THEN 'YES' ELSE 'NO' END AS is_nullable, type AS data_type, NULL AS character_maximum_length, NULL AS numeric_precision, type AS column_type, CASE pk WHEN 1 THEN 'PRI' ELSE '' END AS column_key, NULL AS column_comment FROM pragma_table_info('calificaciones'); correcta
2026-02-17 11:13:07,980 - f:pythonSalida:52 [INFO]:
Generando CRUD para tabla alumnos...
2026-02-17 11:13:07,980 - f:pythonSalida:53 [INFO]:
DB: salida/php/db_in_sqlite.db, Tipo de salida: python
2026-02-17 11:13:07,982 - f:pythonSalida:52 [INFO]:
Generando CRUD para tabla calificaciones...
2026-02-17 11:13:07,982 - f:pythonSalida:53 [INFO]:
DB: salida/php/db_in_sqlite.db, Tipo de salida: python
2026-02-17 11:13:07,983 - f:utils:22 [INFO]:
Lanzar aplicación con 'py /media/homeUbuntu/luis/Documentos/cursos/fp_a_distancia/26-Python/gac/tarea2/salida/python/crud.py'
2026-02-17 11:13:44,772 - f:App:24 [INFO]:
0. Inicio del programa
2026-02-17 11:13:44,773 - f:App:140 [INFO]:
Tipo de bbdd: sqlite
2026-02-17 11:13:45,526 - f:dbTipo:104 [INFO]:
BBDD eliminada
2026-02-17 11:13:45,536 - f:dbTipo:104 [INFO]:
Script sql ejecutado correctamente.
2026-02-17 11:13:45,536 - f:dbTipo:104 [INFO]:
Lectura SELECT name FROM sqlite_master WHERE type like 'table' AND name NOT LIKE 'sqlite_%' ORDER BY name; correcta
2026-02-17 11:13:45,536 - f:dbTipo:104 [INFO]:
Lectura SELECT 'alumnos' AS table_name, name AS column_name, cid + 1 AS ordinal_position, dflt_value AS column_default, CASE 'notnull' WHEN 0 THEN 'YES' ELSE 'NO' END AS is_nullable, type AS data_type, NULL AS character_maximum_length, NULL AS numeric_precision, type AS column_type, CASE pk WHEN 1 THEN 'PRI' ELSE '' END AS column_key, NULL AS column_comment FROM pragma_table_info('alumnos'); correcta
2026-02-17 11:13:45,537 - f:dbTipo:104 [INFO]:
Lectura SELECT 'calificaciones' AS table_name, name AS column_name, cid + 1 AS ordinal_position, dflt_value AS column_default, CASE 'notnull' WHEN 0 THEN 'YES' ELSE 'NO' END AS is_nullable, type AS data_type, NULL AS character_maximum_length, NULL AS numeric_precision, type AS column_type, CASE pk WHEN 1 THEN 'PRI' ELSE '' END AS column_key, NULL AS column_comment FROM pragma_table_info('calificaciones'); correcta
2026-02-17 11:13:45,540 - f:pythonSalida:52 [INFO]:
Generando CRUD para tabla alumnos...
2026-02-17 11:13:45,540 - f:pythonSalida:53 [INFO]:
DB: salida/php/db_in_sqlite.db, Tipo de salida: python
2026-02-17 11:13:45,541 - f:pythonSalida:52 [INFO]:
Generando CRUD para tabla calificaciones...
2026-02-17 11:13:45,541 - f:pythonSalida:53 [INFO]:
DB: salida/php/db_in_sqlite.db, Tipo de salida: python
2026-02-17 11:13:45,542 - f:utils:22 [INFO]:
Lanzar aplicación con 'py /media/homeUbuntu/luis/Documentos/cursos/fp_a_distancia/26-Python/gac/tarea2/salida/python/crud.py'
2026-02-17 11:15:18,907 - f:App:24 [INFO]:
0. Inicio del programa
2026-02-17 11:15:18,908 - f:App:140 [INFO]:
Tipo de bbdd: sqlite
2026-02-17 11:15:19,666 - f:dbTipo:104 [INFO]:
BBDD eliminada
2026-02-17 11:15:19,669 - f:dbTipo:104 [INFO]:
Script sql ejecutado correctamente.
2026-02-17 11:15:19,669 - f:dbTipo:104 [INFO]:
Lectura SELECT name FROM sqlite_master WHERE type like 'table' AND name NOT LIKE 'sqlite_%' ORDER BY name; correcta
2026-02-17 11:15:19,669 - f:dbTipo:104 [INFO]:
Lectura SELECT 'alumnos' AS table_name, name AS column_name, cid + 1 AS ordinal_position, dflt_value AS column_default, CASE 'notnull' WHEN 0 THEN 'YES' ELSE 'NO' END AS is_nullable, type AS data_type, NULL AS character_maximum_length, NULL AS numeric_precision, type AS column_type, CASE pk WHEN 1 THEN 'PRI' ELSE '' END AS column_key, NULL AS column_comment FROM pragma_table_info('alumnos'); correcta
2026-02-17 11:15:19,669 - f:dbTipo:104 [INFO]:
Lectura SELECT 'calificaciones' AS table_name, name AS column_name, cid + 1 AS ordinal_position, dflt_value AS column_default, CASE 'notnull' WHEN 0 THEN 'YES' ELSE 'NO' END AS is_nullable, type AS data_type, NULL AS character_maximum_length, NULL AS numeric_precision, type AS column_type, CASE pk WHEN 1 THEN 'PRI' ELSE '' END AS column_key, NULL AS column_comment FROM pragma_table_info('calificaciones'); correcta
2026-02-17 11:15:19,672 - f:pythonSalida:52 [INFO]:
Generando CRUD para tabla alumnos...
2026-02-17 11:15:19,672 - f:pythonSalida:53 [INFO]:
DB: salida/php/db_in_sqlite.db, Tipo de salida: python
2026-02-17 11:15:19,674 - f:pythonSalida:52 [INFO]:
Generando CRUD para tabla calificaciones...
2026-02-17 11:15:19,674 - f:pythonSalida:53 [INFO]:
DB: salida/php/db_in_sqlite.db, Tipo de salida: python
2026-02-17 11:15:19,675 - f:utils:22 [INFO]:
Lanzar aplicación con 'py /media/homeUbuntu/luis/Documentos/cursos/fp_a_distancia/26-Python/gac/tarea2/salida/python/crud.py'
2026-02-17 11:15:36,881 - f:App:24 [INFO]:
0. Inicio del programa
2026-02-17 11:15:36,881 - f:App:140 [INFO]:
Tipo de bbdd: sqlite
2026-02-17 11:15:37,631 - f:dbTipo:104 [INFO]:
BBDD eliminada
2026-02-17 11:15:37,640 - f:dbTipo:104 [INFO]:
Script sql ejecutado correctamente.
2026-02-17 11:15:37,640 - f:dbTipo:104 [INFO]:
Lectura SELECT name FROM sqlite_master WHERE type like 'table' AND name NOT LIKE 'sqlite_%' ORDER BY name; correcta
2026-02-17 11:15:37,640 - f:dbTipo:104 [INFO]:
Lectura SELECT 'alumnos' AS table_name, name AS column_name, cid + 1 AS ordinal_position, dflt_value AS column_default, CASE 'notnull' WHEN 0 THEN 'YES' ELSE 'NO' END AS is_nullable, type AS data_type, NULL AS character_maximum_length, NULL AS numeric_precision, type AS column_type, CASE pk WHEN 1 THEN 'PRI' ELSE '' END AS column_key, NULL AS column_comment FROM pragma_table_info('alumnos'); correcta
2026-02-17 11:15:37,641 - f:dbTipo:104 [INFO]:
Lectura SELECT 'calificaciones' AS table_name, name AS column_name, cid + 1 AS ordinal_position, dflt_value AS column_default, CASE 'notnull' WHEN 0 THEN 'YES' ELSE 'NO' END AS is_nullable, type AS data_type, NULL AS character_maximum_length, NULL AS numeric_precision, type AS column_type, CASE pk WHEN 1 THEN 'PRI' ELSE '' END AS column_key, NULL AS column_comment FROM pragma_table_info('calificaciones'); correcta
2026-02-17 11:15:37,643 - f:pythonSalida:52 [INFO]:
Generando CRUD para tabla alumnos...
2026-02-17 11:15:37,643 - f:pythonSalida:53 [INFO]:
DB: salida/php/db_in_sqlite.db, Tipo de salida: python
2026-02-17 11:15:37,644 - f:pythonSalida:52 [INFO]:
Generando CRUD para tabla calificaciones...
2026-02-17 11:15:37,644 - f:pythonSalida:53 [INFO]:
DB: salida/php/db_in_sqlite.db, Tipo de salida: python
2026-02-17 11:15:37,645 - f:utils:22 [INFO]:
Lanzar aplicación con 'py /media/homeUbuntu/luis/Documentos/cursos/fp_a_distancia/26-Python/gac/tarea2/salida/python/crud.py'
2026-02-17 11:15:56,998 - f:App:24 [INFO]:
0. Inicio del programa
2026-02-17 11:15:56,999 - f:App:140 [INFO]:
Tipo de bbdd: sqlite
2026-02-17 11:15:57,629 - f:dbTipo:104 [INFO]:
BBDD eliminada
2026-02-17 11:15:57,638 - f:dbTipo:104 [INFO]:
Script sql ejecutado correctamente.
2026-02-17 11:15:57,638 - f:dbTipo:104 [INFO]:
Lectura SELECT name FROM sqlite_master WHERE type like 'table' AND name NOT LIKE 'sqlite_%' ORDER BY name; correcta
2026-02-17 11:15:57,639 - f:dbTipo:104 [INFO]:
Lectura SELECT 'alumnos' AS table_name, name AS column_name, cid + 1 AS ordinal_position, dflt_value AS column_default, CASE 'notnull' WHEN 0 THEN 'YES' ELSE 'NO' END AS is_nullable, type AS data_type, NULL AS character_maximum_length, NULL AS numeric_precision, type AS column_type, CASE pk WHEN 1 THEN 'PRI' ELSE '' END AS column_key, NULL AS column_comment FROM pragma_table_info('alumnos'); correcta
2026-02-17 11:15:57,639 - f:dbTipo:104 [INFO]:
Lectura SELECT 'calificaciones' AS table_name, name AS column_name, cid + 1 AS ordinal_position, dflt_value AS column_default, CASE 'notnull' WHEN 0 THEN 'YES' ELSE 'NO' END AS is_nullable, type AS data_type, NULL AS character_maximum_length, NULL AS numeric_precision, type AS column_type, CASE pk WHEN 1 THEN 'PRI' ELSE '' END AS column_key, NULL AS column_comment FROM pragma_table_info('calificaciones'); correcta
2026-02-17 11:15:57,642 - f:pythonSalida:52 [INFO]:
Generando CRUD para tabla alumnos...
2026-02-17 11:15:57,642 - f:pythonSalida:53 [INFO]:
DB: salida/php/db_in_sqlite.db, Tipo de salida: python
2026-02-17 11:15:57,643 - f:pythonSalida:52 [INFO]:
Generando CRUD para tabla calificaciones...
2026-02-17 11:15:57,643 - f:pythonSalida:53 [INFO]:
DB: salida/php/db_in_sqlite.db, Tipo de salida: python
2026-02-17 11:15:57,644 - f:utils:22 [INFO]:
Lanzar aplicación con 'py /media/homeUbuntu/luis/Documentos/cursos/fp_a_distancia/26-Python/gac/tarea2/salida/python/crud.py'
2026-02-17 11:20:08,941 - f:App:24 [INFO]:
0. Inicio del programa
2026-02-17 11:20:08,941 - f:App:140 [INFO]:
Tipo de bbdd: mariadb
2026-02-17 11:20:10,340 - f:dbTipo:104 [INFO]:
Base de datos 'gac2' eliminada (si existía).
2026-02-17 11:20:10,341 - f:dbTipo:104 [INFO]:
Base de datos 'gac2' creada o ya existente.
2026-02-17 11:20:10,342 - f:dbTipo:104 [INFO]:
Cambiando a la base de datos 'gac2'...
2026-02-17 11:20:10,371 - f:dbTipo:104 [INFO]:
Script sql ejecutado correctamente.
2026-02-17 11:20:10,376 - f:pythonSalida:52 [INFO]:
Generando CRUD para tabla calificaciones...
2026-02-17 11:20:10,376 - f:pythonSalida:53 [INFO]:
DB: gac2, Tipo de salida: python
2026-02-17 11:20:10,377 - f:pythonSalida:52 [INFO]:
Generando CRUD para tabla alumnos...
2026-02-17 11:20:10,377 - f:pythonSalida:53 [INFO]:
DB: gac2, Tipo de salida: python
2026-02-17 11:20:10,379 - f:utils:22 [INFO]:
Lanzar aplicación con 'py /media/homeUbuntu/luis/Documentos/cursos/fp_a_distancia/26-Python/gac/tarea2/salida/python/crud.py'
2026-02-17 11:23:32,356 - f:App:24 [INFO]:
0. Inicio del programa
2026-02-17 11:23:32,356 - f:App:140 [INFO]:
Tipo de bbdd: mariadb
2026-02-17 11:23:33,568 - f:dbTipo:104 [INFO]:
Base de datos 'gac2' eliminada (si existía).
2026-02-17 11:23:33,569 - f:dbTipo:104 [INFO]:
Base de datos 'gac2' creada o ya existente.
2026-02-17 11:23:33,569 - f:dbTipo:104 [INFO]:
Cambiando a la base de datos 'gac2'...
2026-02-17 11:23:33,600 - f:dbTipo:104 [INFO]:
Script sql ejecutado correctamente.
2026-02-17 11:23:33,605 - f:pythonSalida:52 [INFO]:
Generando CRUD para tabla calificaciones...
2026-02-17 11:23:33,605 - f:pythonSalida:53 [INFO]:
DB: gac2, Tipo de salida: python
2026-02-17 11:23:33,606 - f:pythonSalida:52 [INFO]:
Generando CRUD para tabla alumnos...
2026-02-17 11:23:33,606 - f:pythonSalida:53 [INFO]:
DB: gac2, Tipo de salida: python
2026-02-17 11:23:33,607 - f:utils:22 [INFO]:
Lanzar aplicación con 'py /media/homeUbuntu/luis/Documentos/cursos/fp_a_distancia/26-Python/gac/tarea2/salida/python/crud.py'
2026-02-17 11:25:10,603 - f:App:24 [INFO]:
0. Inicio del programa
2026-02-17 11:25:10,604 - f:App:140 [INFO]:
Tipo de bbdd: mariadb
2026-02-17 11:25:11,364 - f:dbTipo:104 [INFO]:
Base de datos 'gac2' eliminada (si existía).
2026-02-17 11:25:11,364 - f:dbTipo:104 [INFO]:
Base de datos 'gac2' creada o ya existente.
2026-02-17 11:25:11,365 - f:dbTipo:104 [INFO]:
Cambiando a la base de datos 'gac2'...
2026-02-17 11:25:11,394 - f:dbTipo:104 [INFO]:
Script sql ejecutado correctamente.
2026-02-17 11:25:11,400 - f:pythonSalida:52 [INFO]:
Generando CRUD para tabla calificaciones...
2026-02-17 11:25:11,401 - f:pythonSalida:53 [INFO]:
DB: gac2, Tipo de salida: python
2026-02-17 11:25:11,402 - f:pythonSalida:52 [INFO]:
Generando CRUD para tabla alumnos...
2026-02-17 11:25:11,402 - f:pythonSalida:53 [INFO]:
DB: gac2, Tipo de salida: python
2026-02-17 11:25:11,403 - f:utils:22 [INFO]:
Lanzar aplicación con 'py /media/homeUbuntu/luis/Documentos/cursos/fp_a_distancia/26-Python/gac/tarea2/salida/python/crud.py'
2026-02-17 11:28:13,002 - f:App:24 [INFO]:
0. Inicio del programa
2026-02-17 11:28:13,003 - f:App:140 [INFO]:
Tipo de bbdd: mariadb
2026-02-17 11:28:13,780 - f:dbTipo:104 [INFO]:
Base de datos 'gac2' eliminada (si existía).
2026-02-17 11:28:13,780 - f:dbTipo:104 [INFO]:
Base de datos 'gac2' creada o ya existente.
2026-02-17 11:28:13,780 - f:dbTipo:104 [INFO]:
Cambiando a la base de datos 'gac2'...
2026-02-17 11:28:13,811 - f:dbTipo:104 [INFO]:
Script sql ejecutado correctamente.
2026-02-17 11:28:13,814 - f:pythonSalida:52 [INFO]:
Generando CRUD para tabla calificaciones...
2026-02-17 11:28:13,814 - f:pythonSalida:53 [INFO]:
DB: gac2, Tipo de salida: python
2026-02-17 11:28:13,816 - f:pythonSalida:52 [INFO]:
Generando CRUD para tabla alumnos...
2026-02-17 11:28:13,816 - f:pythonSalida:53 [INFO]:
DB: gac2, Tipo de salida: python
2026-02-17 11:28:13,817 - f:utils:22 [INFO]:
Lanzar aplicación con 'py /media/homeUbuntu/luis/Documentos/cursos/fp_a_distancia/26-Python/gac/tarea2/salida/python/crud.py'
2026-02-17 11:28:35,226 - f:App:24 [INFO]:
0. Inicio del programa
2026-02-17 11:28:35,226 - f:App:140 [INFO]:
Tipo de bbdd: mariadb
2026-02-17 11:28:36,185 - f:dbTipo:104 [INFO]:
Base de datos 'gac2' eliminada (si existía).
2026-02-17 11:28:36,186 - f:dbTipo:104 [INFO]:
Base de datos 'gac2' creada o ya existente.
2026-02-17 11:28:36,186 - f:dbTipo:104 [INFO]:
Cambiando a la base de datos 'gac2'...
2026-02-17 11:28:36,249 - f:dbTipo:104 [INFO]:
Script sql ejecutado correctamente.
2026-02-17 11:28:36,256 - f:pythonSalida:52 [INFO]:
Generando CRUD para tabla calificaciones...
2026-02-17 11:28:36,256 - f:pythonSalida:53 [INFO]:
DB: gac2, Tipo de salida: python
2026-02-17 11:28:36,259 - f:pythonSalida:52 [INFO]:
Generando CRUD para tabla alumnos...
2026-02-17 11:28:36,259 - f:pythonSalida:53 [INFO]:
DB: gac2, Tipo de salida: python
2026-02-17 11:28:36,261 - f:utils:22 [INFO]:
Lanzar aplicación con 'py /media/homeUbuntu/luis/Documentos/cursos/fp_a_distancia/26-Python/gac/tarea2/salida/python/crud.py'
2026-02-17 11:29:28,429 - f:App:24 [INFO]:
0. Inicio del programa
2026-02-17 11:29:28,429 - f:App:140 [INFO]:
Tipo de bbdd: mariadb
2026-02-17 11:29:29,425 - f:dbTipo:104 [INFO]:
Base de datos 'gac2' eliminada (si existía).
2026-02-17 11:29:29,426 - f:dbTipo:104 [INFO]:
Base de datos 'gac2' creada o ya existente.
2026-02-17 11:29:29,426 - f:dbTipo:104 [INFO]:
Cambiando a la base de datos 'gac2'...
2026-02-17 11:29:29,457 - f:dbTipo:104 [INFO]:
Script sql ejecutado correctamente.
2026-02-17 11:29:29,461 - f:pythonSalida:52 [INFO]:
Generando CRUD para tabla calificaciones...
2026-02-17 11:29:29,461 - f:pythonSalida:53 [INFO]:
DB: gac2, Tipo de salida: python
2026-02-17 11:29:29,462 - f:pythonSalida:52 [INFO]:
Generando CRUD para tabla alumnos...
2026-02-17 11:29:29,462 - f:pythonSalida:53 [INFO]:
DB: gac2, Tipo de salida: python
2026-02-17 11:29:29,463 - f:utils:22 [INFO]:
Lanzar aplicación con 'py /media/homeUbuntu/luis/Documentos/cursos/fp_a_distancia/26-Python/gac/tarea2/salida/python/crud.py'
2026-02-17 12:35:39,323 - f:App:24 [INFO]:
0. Inicio del programa
2026-02-17 12:35:39,323 - f:App:140 [INFO]:
Tipo de bbdd: mariadb
2026-02-17 12:35:39,866 - f:dbTipo:104 [INFO]:
Base de datos 'gac2' eliminada (si existía).
2026-02-17 12:35:39,867 - f:dbTipo:104 [INFO]:
Base de datos 'gac2' creada o ya existente.
2026-02-17 12:35:39,867 - f:dbTipo:104 [INFO]:
Cambiando a la base de datos 'gac2'...
2026-02-17 12:35:39,892 - f:dbTipo:104 [INFO]:
Script sql ejecutado correctamente.
2026-02-17 12:35:39,896 - f:pythonSalida:52 [INFO]:
Generando CRUD para tabla calificaciones...
2026-02-17 12:35:39,896 - f:pythonSalida:53 [INFO]:
DB: gac2, Tipo de salida: python
2026-02-17 12:35:39,897 - f:pythonSalida:52 [INFO]:
Generando CRUD para tabla alumnos...
2026-02-17 12:35:39,897 - f:pythonSalida:53 [INFO]:
DB: gac2, Tipo de salida: python
2026-02-17 12:35:39,899 - f:utils:22 [INFO]:
Lanzar aplicación con 'py /media/homeUbuntu/luis/Documentos/cursos/fp_a_distancia/26-Python/gac/tarea2/salida/python/crud.py'
2026-02-17 12:38:20,536 - f:App:24 [INFO]:
0. Inicio del programa
2026-02-17 12:38:20,536 - f:App:140 [INFO]:
Tipo de bbdd: mariadb
2026-02-17 12:38:21,570 - f:dbTipo:104 [INFO]:
Base de datos 'gac2' eliminada (si existía).
2026-02-17 12:38:21,570 - f:dbTipo:104 [INFO]:
Base de datos 'gac2' creada o ya existente.
2026-02-17 12:38:21,570 - f:dbTipo:104 [INFO]:
Cambiando a la base de datos 'gac2'...
2026-02-17 12:38:21,595 - f:dbTipo:104 [INFO]:
Script sql ejecutado correctamente.
2026-02-17 12:38:21,600 - f:pythonSalida:52 [INFO]:
Generando CRUD para tabla calificaciones...
2026-02-17 12:38:21,600 - f:pythonSalida:53 [INFO]:
DB: gac2, Tipo de salida: python
2026-02-17 12:38:21,602 - f:pythonSalida:52 [INFO]:
Generando CRUD para tabla alumnos...
2026-02-17 12:38:21,602 - f:pythonSalida:53 [INFO]:
DB: gac2, Tipo de salida: python
2026-02-17 12:38:21,603 - f:utils:22 [INFO]:
Lanzar aplicación con 'py /media/homeUbuntu/luis/Documentos/cursos/fp_a_distancia/26-Python/gac/tarea2/salida/python/crud.py'
2026-02-17 12:45:15,705 - f:App:24 [INFO]:
0. Inicio del programa
2026-02-17 12:45:15,705 - f:App:140 [INFO]:
Tipo de bbdd: mariadb
2026-02-17 12:45:16,267 - f:dbTipo:104 [INFO]:
Base de datos 'gac2' eliminada (si existía).
2026-02-17 12:45:16,267 - f:dbTipo:104 [INFO]:
Base de datos 'gac2' creada o ya existente.
2026-02-17 12:45:16,268 - f:dbTipo:104 [INFO]:
Cambiando a la base de datos 'gac2'...
2026-02-17 12:45:16,291 - f:dbTipo:104 [INFO]:
Script sql ejecutado correctamente.
2026-02-17 12:45:16,293 - f:pythonSalida:52 [INFO]:
Generando CRUD para tabla calificaciones...
2026-02-17 12:45:16,293 - f:pythonSalida:53 [INFO]:
DB: gac2, Tipo de salida: python
2026-02-17 12:45:16,295 - f:pythonSalida:52 [INFO]:
Generando CRUD para tabla alumnos...
2026-02-17 12:45:16,295 - f:pythonSalida:53 [INFO]:
DB: gac2, Tipo de salida: python
2026-02-17 12:45:16,296 - f:utils:22 [INFO]:
Lanzar aplicación con 'py /media/homeUbuntu/luis/Documentos/cursos/fp_a_distancia/26-Python/gac/tarea2/salida/python/crud.py'
2026-02-17 12:46:07,179 - f:App:24 [INFO]:
0. Inicio del programa
2026-02-17 12:46:07,179 - f:App:140 [INFO]:
Tipo de bbdd: mariadb
2026-02-17 12:46:08,071 - f:dbTipo:104 [INFO]:
Base de datos 'gac2' eliminada (si existía).
2026-02-17 12:46:08,072 - f:dbTipo:104 [INFO]:
Base de datos 'gac2' creada o ya existente.
2026-02-17 12:46:08,072 - f:dbTipo:104 [INFO]:
Cambiando a la base de datos 'gac2'...
2026-02-17 12:46:08,097 - f:dbTipo:104 [INFO]:
Script sql ejecutado correctamente.
2026-02-17 12:46:08,100 - f:pythonSalida:52 [INFO]:
Generando CRUD para tabla calificaciones...
2026-02-17 12:46:08,100 - f:pythonSalida:53 [INFO]:
DB: gac2, Tipo de salida: python
2026-02-17 12:46:08,101 - f:pythonSalida:52 [INFO]:
Generando CRUD para tabla alumnos...
2026-02-17 12:46:08,101 - f:pythonSalida:53 [INFO]:
DB: gac2, Tipo de salida: python
2026-02-17 12:46:08,102 - f:utils:22 [INFO]:
Lanzar aplicación con 'py /media/homeUbuntu/luis/Documentos/cursos/fp_a_distancia/26-Python/gac/tarea2/salida/python/crud.py'
2026-02-17 12:47:50,770 - f:App:24 [INFO]:
0. Inicio del programa
2026-02-17 12:47:50,770 - f:App:140 [INFO]:
Tipo de bbdd: mariadb
2026-02-17 12:47:51,502 - f:dbTipo:104 [INFO]:
Base de datos 'gac2' eliminada (si existía).
2026-02-17 12:47:51,502 - f:dbTipo:104 [INFO]:
Base de datos 'gac2' creada o ya existente.
2026-02-17 12:47:51,502 - f:dbTipo:104 [INFO]:
Cambiando a la base de datos 'gac2'...
2026-02-17 12:47:51,528 - f:dbTipo:104 [INFO]:
Script sql ejecutado correctamente.
2026-02-17 12:47:51,530 - f:pythonSalida:52 [INFO]:
Generando CRUD para tabla calificaciones...
2026-02-17 12:47:51,530 - f:pythonSalida:53 [INFO]:
DB: gac2, Tipo de salida: python
2026-02-17 12:47:51,531 - f:pythonSalida:52 [INFO]:
Generando CRUD para tabla alumnos...
2026-02-17 12:47:51,531 - f:pythonSalida:53 [INFO]:
DB: gac2, Tipo de salida: python
2026-02-17 12:47:51,533 - f:utils:22 [INFO]:
Lanzar aplicación con 'py /media/homeUbuntu/luis/Documentos/cursos/fp_a_distancia/26-Python/gac/tarea2/salida/python/crud.py'
2026-02-17 12:48:29,232 - f:App:24 [INFO]:
0. Inicio del programa
2026-02-17 12:48:29,232 - f:App:140 [INFO]:
Tipo de bbdd: mariadb
2026-02-17 12:48:30,406 - f:dbTipo:104 [INFO]:
Base de datos 'gac2' eliminada (si existía).
2026-02-17 12:48:30,407 - f:dbTipo:104 [INFO]:
Base de datos 'gac2' creada o ya existente.
2026-02-17 12:48:30,407 - f:dbTipo:104 [INFO]:
Cambiando a la base de datos 'gac2'...
2026-02-17 12:48:30,432 - f:dbTipo:104 [INFO]:
Script sql ejecutado correctamente.
2026-02-17 12:48:30,435 - f:pythonSalida:52 [INFO]:
Generando CRUD para tabla calificaciones...
2026-02-17 12:48:30,435 - f:pythonSalida:53 [INFO]:
DB: gac2, Tipo de salida: python
2026-02-17 12:48:30,436 - f:pythonSalida:52 [INFO]:
Generando CRUD para tabla alumnos...
2026-02-17 12:48:30,436 - f:pythonSalida:53 [INFO]:
DB: gac2, Tipo de salida: python
2026-02-17 12:48:30,438 - f:utils:22 [INFO]:
Lanzar aplicación con 'py /media/homeUbuntu/luis/Documentos/cursos/fp_a_distancia/26-Python/gac/tarea2/salida/python/crud.py'
2026-02-17 12:49:35,695 - f:App:24 [INFO]:
0. Inicio del programa
2026-02-17 12:49:35,695 - f:App:140 [INFO]:
Tipo de bbdd: mariadb
2026-02-17 12:49:36,525 - f:dbTipo:104 [INFO]:
Base de datos 'gac2' eliminada (si existía).
2026-02-17 12:49:36,526 - f:dbTipo:104 [INFO]:
Base de datos 'gac2' creada o ya existente.
2026-02-17 12:49:36,526 - f:dbTipo:104 [INFO]:
Cambiando a la base de datos 'gac2'...
2026-02-17 12:49:36,550 - f:dbTipo:104 [INFO]:
Script sql ejecutado correctamente.
2026-02-17 12:49:36,554 - f:pythonSalida:52 [INFO]:
Generando CRUD para tabla calificaciones...
2026-02-17 12:49:36,554 - f:pythonSalida:53 [INFO]:
DB: gac2, Tipo de salida: python
2026-02-17 12:49:36,557 - f:pythonSalida:52 [INFO]:
Generando CRUD para tabla alumnos...
2026-02-17 12:49:36,557 - f:pythonSalida:53 [INFO]:
DB: gac2, Tipo de salida: python
2026-02-17 12:49:36,558 - f:utils:22 [INFO]:
Lanzar aplicación con 'py /media/homeUbuntu/luis/Documentos/cursos/fp_a_distancia/26-Python/gac/tarea2/salida/python/crud.py'
2026-02-17 12:50:53,506 - f:App:24 [INFO]:
0. Inicio del programa
2026-02-17 12:50:53,506 - f:App:140 [INFO]:
Tipo de bbdd: mariadb
2026-02-17 12:50:54,339 - f:dbTipo:104 [INFO]:
Base de datos 'gac2' eliminada (si existía).
2026-02-17 12:50:54,339 - f:dbTipo:104 [INFO]:
Base de datos 'gac2' creada o ya existente.
2026-02-17 12:50:54,339 - f:dbTipo:104 [INFO]:
Cambiando a la base de datos 'gac2'...
2026-02-17 12:50:54,364 - f:dbTipo:104 [INFO]:
Script sql ejecutado correctamente.
2026-02-17 12:50:54,368 - f:pythonSalida:52 [INFO]:
Generando CRUD para tabla calificaciones...
2026-02-17 12:50:54,368 - f:pythonSalida:53 [INFO]:
DB: gac2, Tipo de salida: python
2026-02-17 12:50:54,369 - f:pythonSalida:52 [INFO]:
Generando CRUD para tabla alumnos...
2026-02-17 12:50:54,369 - f:pythonSalida:53 [INFO]:
DB: gac2, Tipo de salida: python
2026-02-17 12:50:54,370 - f:utils:22 [INFO]:
Lanzar aplicación con 'py /media/homeUbuntu/luis/Documentos/cursos/fp_a_distancia/26-Python/gac/tarea2/salida/python/crud.py'
2026-02-17 12:53:53,320 - f:App:24 [INFO]:
0. Inicio del programa
2026-02-17 12:53:53,321 - f:App:140 [INFO]:
Tipo de bbdd: mariadb
2026-02-17 12:53:54,164 - f:dbTipo:104 [INFO]:
Base de datos 'gac2' eliminada (si existía).
2026-02-17 12:53:54,165 - f:dbTipo:104 [INFO]:
Base de datos 'gac2' creada o ya existente.
2026-02-17 12:53:54,165 - f:dbTipo:104 [INFO]:
Cambiando a la base de datos 'gac2'...
2026-02-17 12:53:54,189 - f:dbTipo:104 [INFO]:
Script sql ejecutado correctamente.
2026-02-17 12:53:54,192 - f:pythonSalida:52 [INFO]:
Generando CRUD para tabla calificaciones...
2026-02-17 12:53:54,192 - f:pythonSalida:53 [INFO]:
DB: gac2, Tipo de salida: python
2026-02-17 12:53:54,193 - f:pythonSalida:52 [INFO]:
Generando CRUD para tabla alumnos...
2026-02-17 12:53:54,193 - f:pythonSalida:53 [INFO]:
DB: gac2, Tipo de salida: python
2026-02-17 12:53:54,194 - f:utils:22 [INFO]:
Lanzar aplicación con 'py /media/homeUbuntu/luis/Documentos/cursos/fp_a_distancia/26-Python/gac/tarea2/salida/python/crud.py'
2026-02-17 12:54:25,632 - f:App:24 [INFO]:
0. Inicio del programa
2026-02-17 12:54:25,633 - f:App:140 [INFO]:
Tipo de bbdd: mariadb
2026-02-17 12:54:26,605 - f:dbTipo:104 [INFO]:
Base de datos 'gac2' eliminada (si existía).
2026-02-17 12:54:26,605 - f:dbTipo:104 [INFO]:
Base de datos 'gac2' creada o ya existente.
2026-02-17 12:54:26,605 - f:dbTipo:104 [INFO]:
Cambiando a la base de datos 'gac2'...
2026-02-17 12:54:26,632 - f:dbTipo:104 [INFO]:
Script sql ejecutado correctamente.
2026-02-17 12:54:26,635 - f:pythonSalida:52 [INFO]:
Generando CRUD para tabla calificaciones...
2026-02-17 12:54:26,635 - f:pythonSalida:53 [INFO]:
DB: gac2, Tipo de salida: python
2026-02-17 12:54:26,637 - f:pythonSalida:52 [INFO]:
Generando CRUD para tabla alumnos...
2026-02-17 12:54:26,637 - f:pythonSalida:53 [INFO]:
DB: gac2, Tipo de salida: python
2026-02-17 12:54:26,638 - f:utils:22 [INFO]:
Lanzar aplicación con 'py /media/homeUbuntu/luis/Documentos/cursos/fp_a_distancia/26-Python/gac/tarea2/salida/python/crud.py'
2026-02-17 12:55:39,995 - f:App:24 [INFO]:
0. Inicio del programa
2026-02-17 12:55:39,995 - f:App:140 [INFO]:
Tipo de bbdd: mariadb
2026-02-17 12:55:40,604 - f:dbTipo:104 [INFO]:
Base de datos 'gac2' eliminada (si existía).
2026-02-17 12:55:40,604 - f:dbTipo:104 [INFO]:
Base de datos 'gac2' creada o ya existente.
2026-02-17 12:55:40,605 - f:dbTipo:104 [INFO]:
Cambiando a la base de datos 'gac2'...
2026-02-17 12:55:40,629 - f:dbTipo:104 [INFO]:
Script sql ejecutado correctamente.
2026-02-17 12:55:40,632 - f:pythonSalida:52 [INFO]:
Generando CRUD para tabla calificaciones...
2026-02-17 12:55:40,632 - f:pythonSalida:53 [INFO]:
DB: gac2, Tipo de salida: python
2026-02-17 12:55:40,633 - f:pythonSalida:52 [INFO]:
Generando CRUD para tabla alumnos...
2026-02-17 12:55:40,633 - f:pythonSalida:53 [INFO]:
DB: gac2, Tipo de salida: python
2026-02-17 12:55:40,634 - f:utils:22 [INFO]:
Lanzar aplicación con 'py /media/homeUbuntu/luis/Documentos/cursos/fp_a_distancia/26-Python/gac/tarea2/salida/python/crud.py'
2026-02-17 12:57:49,586 - f:App:24 [INFO]:
0. Inicio del programa
2026-02-17 12:57:49,586 - f:App:140 [INFO]:
Tipo de bbdd: mariadb
2026-02-17 12:57:50,318 - f:dbTipo:104 [INFO]:
Base de datos 'gac2' eliminada (si existía).
2026-02-17 12:57:50,318 - f:dbTipo:104 [INFO]:
Base de datos 'gac2' creada o ya existente.
2026-02-17 12:57:50,318 - f:dbTipo:104 [INFO]:
Cambiando a la base de datos 'gac2'...
2026-02-17 12:57:50,343 - f:dbTipo:104 [INFO]:
Script sql ejecutado correctamente.
2026-02-17 12:57:50,346 - f:pythonSalida:52 [INFO]:
Generando CRUD para tabla calificaciones...
2026-02-17 12:57:50,346 - f:pythonSalida:53 [INFO]:
DB: gac2, Tipo de salida: python
2026-02-17 12:57:50,347 - f:pythonSalida:52 [INFO]:
Generando CRUD para tabla alumnos...
2026-02-17 12:57:50,347 - f:pythonSalida:53 [INFO]:
DB: gac2, Tipo de salida: python
2026-02-17 12:57:50,349 - f:utils:22 [INFO]:
Lanzar aplicación con 'py /media/homeUbuntu/luis/Documentos/cursos/fp_a_distancia/26-Python/gac/tarea2/salida/python/crud.py'
2026-02-17 12:58:56,670 - f:App:24 [INFO]:
0. Inicio del programa
2026-02-17 12:58:56,671 - f:App:140 [INFO]:
Tipo de bbdd: mariadb
2026-02-17 12:58:58,327 - f:dbTipo:104 [INFO]:
Base de datos 'gac2' eliminada (si existía).
2026-02-17 12:58:58,328 - f:dbTipo:104 [INFO]:
Base de datos 'gac2' creada o ya existente.
2026-02-17 12:58:58,328 - f:dbTipo:104 [INFO]:
Cambiando a la base de datos 'gac2'...
2026-02-17 12:58:58,353 - f:dbTipo:104 [INFO]:
Script sql ejecutado correctamente.
2026-02-17 12:58:58,355 - f:pythonSalida:52 [INFO]:
Generando CRUD para tabla calificaciones...
2026-02-17 12:58:58,355 - f:pythonSalida:53 [INFO]:
DB: gac2, Tipo de salida: python
2026-02-17 12:58:58,357 - f:pythonSalida:52 [INFO]:
Generando CRUD para tabla alumnos...
2026-02-17 12:58:58,357 - f:pythonSalida:53 [INFO]:
DB: gac2, Tipo de salida: python
2026-02-17 12:58:58,358 - f:utils:22 [INFO]:
Lanzar aplicación con 'py /media/homeUbuntu/luis/Documentos/cursos/fp_a_distancia/26-Python/gac/tarea2/salida/python/crud.py'
2026-02-17 13:06:11,915 - f:App:24 [INFO]:
0. Inicio del programa
2026-02-17 13:06:11,915 - f:App:140 [INFO]:
Tipo de bbdd: mariadb
2026-02-17 13:06:12,461 - f:dbTipo:104 [INFO]:
Base de datos 'gac2' eliminada (si existía).
2026-02-17 13:06:12,461 - f:dbTipo:104 [INFO]:
Base de datos 'gac2' creada o ya existente.
2026-02-17 13:06:12,461 - f:dbTipo:104 [INFO]:
Cambiando a la base de datos 'gac2'...
2026-02-17 13:06:12,485 - f:dbTipo:104 [INFO]:
Script sql ejecutado correctamente.
2026-02-17 13:06:12,487 - f:pythonSalida:52 [INFO]:
Generando CRUD para tabla calificaciones...
2026-02-17 13:06:12,487 - f:pythonSalida:53 [INFO]:
DB: gac2, Tipo de salida: python
2026-02-17 13:06:12,488 - f:pythonSalida:52 [INFO]:
Generando CRUD para tabla alumnos...
2026-02-17 13:06:12,488 - f:pythonSalida:53 [INFO]:
DB: gac2, Tipo de salida: python
2026-02-17 13:06:12,489 - f:utils:22 [INFO]:
Lanzar aplicación con 'py /media/homeUbuntu/luis/Documentos/cursos/fp_a_distancia/26-Python/gac/tarea2/salida/python/crud.py'
2026-02-17 13:07:42,980 - f:App:24 [INFO]:
0. Inicio del programa
2026-02-17 13:07:42,980 - f:App:140 [INFO]:
Tipo de bbdd: mariadb
2026-02-17 13:07:43,622 - f:dbTipo:104 [INFO]:
Base de datos 'gac2' eliminada (si existía).
2026-02-17 13:07:43,622 - f:dbTipo:104 [INFO]:
Base de datos 'gac2' creada o ya existente.
2026-02-17 13:07:43,622 - f:dbTipo:104 [INFO]:
Cambiando a la base de datos 'gac2'...
2026-02-17 13:07:43,646 - f:dbTipo:104 [INFO]:
Script sql ejecutado correctamente.
2026-02-17 13:07:43,648 - f:pythonSalida:52 [INFO]:
Generando CRUD para tabla calificaciones...
2026-02-17 13:07:43,648 - f:pythonSalida:53 [INFO]:
DB: gac2, Tipo de salida: python
2026-02-17 13:07:43,649 - f:pythonSalida:52 [INFO]:
Generando CRUD para tabla alumnos...
2026-02-17 13:07:43,649 - f:pythonSalida:53 [INFO]:
DB: gac2, Tipo de salida: python
2026-02-17 13:07:43,650 - f:utils:22 [INFO]:
Lanzar aplicación con 'py /media/homeUbuntu/luis/Documentos/cursos/fp_a_distancia/26-Python/gac/tarea2/salida/python/crud.py'
2026-02-17 13:10:29,717 - f:App:24 [INFO]:
0. Inicio del programa
2026-02-17 13:10:29,717 - f:App:140 [INFO]:
Tipo de bbdd: mariadb
2026-02-17 13:10:31,116 - f:dbTipo:104 [INFO]:
Base de datos 'gac2' eliminada (si existía).
2026-02-17 13:10:31,116 - f:dbTipo:104 [INFO]:
Base de datos 'gac2' creada o ya existente.
2026-02-17 13:10:31,117 - f:dbTipo:104 [INFO]:
Cambiando a la base de datos 'gac2'...
2026-02-17 13:10:31,140 - f:dbTipo:104 [INFO]:
Script sql ejecutado correctamente.
2026-02-17 13:10:31,143 - f:pythonSalida:52 [INFO]:
Generando CRUD para tabla calificaciones...
2026-02-17 13:10:31,143 - f:pythonSalida:53 [INFO]:
DB: gac2, Tipo de salida: python
2026-02-17 13:10:31,144 - f:pythonSalida:52 [INFO]:
Generando CRUD para tabla alumnos...
2026-02-17 13:10:31,144 - f:pythonSalida:53 [INFO]:
DB: gac2, Tipo de salida: python
2026-02-17 13:10:31,145 - f:utils:22 [INFO]:
Lanzar aplicación con 'py /media/homeUbuntu/luis/Documentos/cursos/fp_a_distancia/26-Python/gac/tarea2/salida/python/crud.py'
2026-02-17 13:12:08,161 - f:App:24 [INFO]:
0. Inicio del programa
2026-02-17 13:12:08,161 - f:App:140 [INFO]:
Tipo de bbdd: mariadb
2026-02-17 13:12:09,086 - f:dbTipo:104 [INFO]:
Base de datos 'gac2' eliminada (si existía).
2026-02-17 13:12:09,087 - f:dbTipo:104 [INFO]:
Base de datos 'gac2' creada o ya existente.
2026-02-17 13:12:09,087 - f:dbTipo:104 [INFO]:
Cambiando a la base de datos 'gac2'...
2026-02-17 13:12:09,115 - f:dbTipo:104 [INFO]:
Script sql ejecutado correctamente.
2026-02-17 13:12:09,117 - f:pythonSalida:52 [INFO]:
Generando CRUD para tabla calificaciones...
2026-02-17 13:12:09,118 - f:pythonSalida:53 [INFO]:
DB: gac2, Tipo de salida: python
2026-02-17 13:12:09,119 - f:pythonSalida:52 [INFO]:
Generando CRUD para tabla alumnos...
2026-02-17 13:12:09,119 - f:pythonSalida:53 [INFO]:
DB: gac2, Tipo de salida: python
2026-02-17 13:12:09,120 - f:utils:22 [INFO]:
Lanzar aplicación con 'py /media/homeUbuntu/luis/Documentos/cursos/fp_a_distancia/26-Python/gac/tarea2/salida/python/crud.py'
2026-02-17 13:12:26,344 - f:App:24 [INFO]:
0. Inicio del programa
2026-02-17 13:12:26,344 - f:App:140 [INFO]:
Tipo de bbdd: mariadb
2026-02-17 13:12:27,054 - f:dbTipo:104 [INFO]:
Base de datos 'gac2' eliminada (si existía).
2026-02-17 13:12:27,054 - f:dbTipo:104 [INFO]:
Base de datos 'gac2' creada o ya existente.
2026-02-17 13:12:27,054 - f:dbTipo:104 [INFO]:
Cambiando a la base de datos 'gac2'...
2026-02-17 13:12:27,080 - f:dbTipo:104 [INFO]:
Script sql ejecutado correctamente.
2026-02-17 13:12:27,083 - f:pythonSalida:52 [INFO]:
Generando CRUD para tabla calificaciones...
2026-02-17 13:12:27,083 - f:pythonSalida:53 [INFO]:
DB: gac2, Tipo de salida: python
2026-02-17 13:12:27,084 - f:pythonSalida:52 [INFO]:
Generando CRUD para tabla alumnos...
2026-02-17 13:12:27,084 - f:pythonSalida:53 [INFO]:
DB: gac2, Tipo de salida: python
2026-02-17 13:12:27,085 - f:utils:22 [INFO]:
Lanzar aplicación con 'py /media/homeUbuntu/luis/Documentos/cursos/fp_a_distancia/26-Python/gac/tarea2/salida/python/crud.py'
2026-02-17 13:13:01,165 - f:App:24 [INFO]:
0. Inicio del programa
2026-02-17 13:13:01,165 - f:App:140 [INFO]:
Tipo de bbdd: mariadb
2026-02-17 13:13:02,381 - f:dbTipo:104 [INFO]:
Base de datos 'gac2' eliminada (si existía).
2026-02-17 13:13:02,382 - f:dbTipo:104 [INFO]:
Base de datos 'gac2' creada o ya existente.
2026-02-17 13:13:02,382 - f:dbTipo:104 [INFO]:
Cambiando a la base de datos 'gac2'...
2026-02-17 13:13:02,405 - f:dbTipo:104 [INFO]:
Script sql ejecutado correctamente.
2026-02-17 13:13:02,410 - f:pythonSalida:52 [INFO]:
Generando CRUD para tabla calificaciones...
2026-02-17 13:13:02,410 - f:pythonSalida:53 [INFO]:
DB: gac2, Tipo de salida: python
2026-02-17 13:13:02,411 - f:pythonSalida:52 [INFO]:
Generando CRUD para tabla alumnos...
2026-02-17 13:13:02,411 - f:pythonSalida:53 [INFO]:
DB: gac2, Tipo de salida: python
2026-02-17 13:13:02,413 - f:utils:22 [INFO]:
Lanzar aplicación con 'py /media/homeUbuntu/luis/Documentos/cursos/fp_a_distancia/26-Python/gac/tarea2/salida/python/crud.py'
2026-02-17 13:13:38,023 - f:App:24 [INFO]:
0. Inicio del programa
2026-02-17 13:13:38,023 - f:App:140 [INFO]:
Tipo de bbdd: mariadb
2026-02-17 13:13:38,693 - f:dbTipo:104 [INFO]:
Base de datos 'gac2' eliminada (si existía).
2026-02-17 13:13:38,693 - f:dbTipo:104 [INFO]:
Base de datos 'gac2' creada o ya existente.
2026-02-17 13:13:38,693 - f:dbTipo:104 [INFO]:
Cambiando a la base de datos 'gac2'...
2026-02-17 13:13:38,717 - f:dbTipo:104 [INFO]:
Script sql ejecutado correctamente.
2026-02-17 13:13:38,720 - f:pythonSalida:52 [INFO]:
Generando CRUD para tabla calificaciones...
2026-02-17 13:13:38,720 - f:pythonSalida:53 [INFO]:
DB: gac2, Tipo de salida: python
2026-02-17 13:13:38,723 - f:pythonSalida:52 [INFO]:
Generando CRUD para tabla alumnos...
2026-02-17 13:13:38,723 - f:pythonSalida:53 [INFO]:
DB: gac2, Tipo de salida: python
2026-02-17 13:13:38,724 - f:utils:22 [INFO]:
Lanzar aplicación con 'py /media/homeUbuntu/luis/Documentos/cursos/fp_a_distancia/26-Python/gac/tarea2/salida/python/crud.py'
2026-02-17 13:14:18,536 - f:App:24 [INFO]:
0. Inicio del programa
2026-02-17 13:14:18,536 - f:App:140 [INFO]:
Tipo de bbdd: mariadb
2026-02-17 13:14:19,187 - f:dbTipo:104 [INFO]:
Base de datos 'gac2' eliminada (si existía).
2026-02-17 13:14:19,188 - f:dbTipo:104 [INFO]:
Base de datos 'gac2' creada o ya existente.
2026-02-17 13:14:19,188 - f:dbTipo:104 [INFO]:
Cambiando a la base de datos 'gac2'...
2026-02-17 13:14:19,211 - f:dbTipo:104 [INFO]:
Script sql ejecutado correctamente.
2026-02-17 13:14:19,214 - f:pythonSalida:52 [INFO]:
Generando CRUD para tabla calificaciones...
2026-02-17 13:14:19,214 - f:pythonSalida:53 [INFO]:
DB: gac2, Tipo de salida: python
2026-02-17 13:14:19,215 - f:pythonSalida:52 [INFO]:
Generando CRUD para tabla alumnos...
2026-02-17 13:14:19,215 - f:pythonSalida:53 [INFO]:
DB: gac2, Tipo de salida: python
2026-02-17 13:14:19,216 - f:utils:22 [INFO]:
Lanzar aplicación con 'py /media/homeUbuntu/luis/Documentos/cursos/fp_a_distancia/26-Python/gac/tarea2/salida/python/crud.py'
2026-02-17 13:14:33,594 - f:App:24 [INFO]:
0. Inicio del programa
2026-02-17 13:14:33,595 - f:App:140 [INFO]:
Tipo de bbdd: mariadb
2026-02-17 13:14:34,440 - f:dbTipo:104 [INFO]:
Base de datos 'gac2' eliminada (si existía).
2026-02-17 13:14:34,441 - f:dbTipo:104 [INFO]:
Base de datos 'gac2' creada o ya existente.
2026-02-17 13:14:34,441 - f:dbTipo:104 [INFO]:
Cambiando a la base de datos 'gac2'...
2026-02-17 13:14:34,465 - f:dbTipo:104 [INFO]:
Script sql ejecutado correctamente.
2026-02-17 13:14:34,469 - f:pythonSalida:52 [INFO]:
Generando CRUD para tabla calificaciones...
2026-02-17 13:14:34,469 - f:pythonSalida:53 [INFO]:
DB: gac2, Tipo de salida: python
2026-02-17 13:14:34,470 - f:pythonSalida:52 [INFO]:
Generando CRUD para tabla alumnos...
2026-02-17 13:14:34,470 - f:pythonSalida:53 [INFO]:
DB: gac2, Tipo de salida: python
2026-02-17 13:14:34,472 - f:utils:22 [INFO]:
Lanzar aplicación con 'py /media/homeUbuntu/luis/Documentos/cursos/fp_a_distancia/26-Python/gac/tarea2/salida/python/crud.py'
2026-02-17 13:15:17,067 - f:App:24 [INFO]:
0. Inicio del programa
2026-02-17 13:15:17,067 - f:App:140 [INFO]:
Tipo de bbdd: mariadb
2026-02-17 13:15:17,717 - f:dbTipo:104 [INFO]:
Base de datos 'gac2' eliminada (si existía).
2026-02-17 13:15:17,718 - f:dbTipo:104 [INFO]:
Base de datos 'gac2' creada o ya existente.
2026-02-17 13:15:17,718 - f:dbTipo:104 [INFO]:
Cambiando a la base de datos 'gac2'...
2026-02-17 13:15:17,741 - f:dbTipo:104 [INFO]:
Script sql ejecutado correctamente.
2026-02-17 13:15:17,744 - f:pythonSalida:52 [INFO]:
Generando CRUD para tabla calificaciones...
2026-02-17 13:15:17,744 - f:pythonSalida:53 [INFO]:
DB: gac2, Tipo de salida: python
2026-02-17 13:15:17,745 - f:pythonSalida:52 [INFO]:
Generando CRUD para tabla alumnos...
2026-02-17 13:15:17,745 - f:pythonSalida:53 [INFO]:
DB: gac2, Tipo de salida: python
2026-02-17 13:15:17,746 - f:utils:22 [INFO]:
Lanzar aplicación con 'py /media/homeUbuntu/luis/Documentos/cursos/fp_a_distancia/26-Python/gac/tarea2/salida/python/crud.py'
2026-02-17 13:15:44,944 - f:App:24 [INFO]:
0. Inicio del programa
2026-02-17 13:15:44,944 - f:App:140 [INFO]:
Tipo de bbdd: mariadb
2026-02-17 13:15:45,619 - f:dbTipo:104 [INFO]:
Base de datos 'gac2' eliminada (si existía).
2026-02-17 13:15:45,619 - f:dbTipo:104 [INFO]:
Base de datos 'gac2' creada o ya existente.
2026-02-17 13:15:45,620 - f:dbTipo:104 [INFO]:
Cambiando a la base de datos 'gac2'...
2026-02-17 13:15:45,649 - f:dbTipo:104 [INFO]:
Script sql ejecutado correctamente.
2026-02-17 13:15:45,654 - f:pythonSalida:52 [INFO]:
Generando CRUD para tabla calificaciones...
2026-02-17 13:15:45,654 - f:pythonSalida:53 [INFO]:
DB: gac2, Tipo de salida: python
2026-02-17 13:15:45,657 - f:pythonSalida:52 [INFO]:
Generando CRUD para tabla alumnos...
2026-02-17 13:15:45,657 - f:pythonSalida:53 [INFO]:
DB: gac2, Tipo de salida: python
2026-02-17 13:15:45,659 - f:utils:22 [INFO]:
Lanzar aplicación con 'py /media/homeUbuntu/luis/Documentos/cursos/fp_a_distancia/26-Python/gac/tarea2/salida/python/crud.py'
2026-02-17 13:21:26,615 - f:App:24 [INFO]:
0. Inicio del programa
2026-02-17 13:21:26,615 - f:App:140 [INFO]:
Tipo de bbdd: mariadb
2026-02-17 13:21:27,346 - f:dbTipo:104 [INFO]:
Base de datos 'gac2' eliminada (si existía).
2026-02-17 13:21:27,347 - f:dbTipo:104 [INFO]:
Base de datos 'gac2' creada o ya existente.
2026-02-17 13:21:27,347 - f:dbTipo:104 [INFO]:
Cambiando a la base de datos 'gac2'...
2026-02-17 13:21:27,371 - f:dbTipo:104 [INFO]:
Script sql ejecutado correctamente.
2026-02-17 13:21:27,374 - f:pythonSalida:52 [INFO]:
Generando CRUD para tabla calificaciones...
2026-02-17 13:21:27,374 - f:pythonSalida:53 [INFO]:
DB: gac2, Tipo de salida: python
2026-02-17 13:21:27,376 - f:pythonSalida:52 [INFO]:
Generando CRUD para tabla alumnos...
2026-02-17 13:21:27,376 - f:pythonSalida:53 [INFO]:
DB: gac2, Tipo de salida: python
2026-02-17 13:21:27,377 - f:utils:22 [INFO]:
Lanzar aplicación con 'py /media/homeUbuntu/luis/Documentos/cursos/fp_a_distancia/26-Python/gac/tarea2/salida/python/crud.py'
2026-02-17 13:21:57,094 - f:App:24 [INFO]:
0. Inicio del programa
2026-02-17 13:21:57,094 - f:App:140 [INFO]:
Tipo de bbdd: mariadb
2026-02-17 13:21:57,782 - f:dbTipo:104 [INFO]:
Base de datos 'gac2' eliminada (si existía).
2026-02-17 13:21:57,783 - f:dbTipo:104 [INFO]:
Base de datos 'gac2' creada o ya existente.
2026-02-17 13:21:57,783 - f:dbTipo:104 [INFO]:
Cambiando a la base de datos 'gac2'...
2026-02-17 13:21:57,807 - f:dbTipo:104 [INFO]:
Script sql ejecutado correctamente.
2026-02-17 13:21:57,809 - f:pythonSalida:52 [INFO]:
Generando CRUD para tabla calificaciones...
2026-02-17 13:21:57,809 - f:pythonSalida:53 [INFO]:
DB: gac2, Tipo de salida: python
2026-02-17 13:21:57,811 - f:pythonSalida:52 [INFO]:
Generando CRUD para tabla alumnos...
2026-02-17 13:21:57,811 - f:pythonSalida:53 [INFO]:
DB: gac2, Tipo de salida: python
2026-02-17 13:21:57,811 - f:utils:22 [INFO]:
Lanzar aplicación con 'py /media/homeUbuntu/luis/Documentos/cursos/fp_a_distancia/26-Python/gac/tarea2/salida/python/crud.py'
2026-02-17 13:22:52,796 - f:App:24 [INFO]:
0. Inicio del programa
2026-02-17 13:22:52,796 - f:App:140 [INFO]:
Tipo de bbdd: mariadb
2026-02-17 13:22:53,343 - f:dbTipo:104 [INFO]:
Base de datos 'gac2' eliminada (si existía).
2026-02-17 13:22:53,344 - f:dbTipo:104 [INFO]:
Base de datos 'gac2' creada o ya existente.
2026-02-17 13:22:53,344 - f:dbTipo:104 [INFO]:
Cambiando a la base de datos 'gac2'...
2026-02-17 13:22:53,368 - f:dbTipo:104 [INFO]:
Script sql ejecutado correctamente.
2026-02-17 13:22:53,373 - f:pythonSalida:52 [INFO]:
Generando CRUD para tabla calificaciones...
2026-02-17 13:22:53,373 - f:pythonSalida:53 [INFO]:
DB: gac2, Tipo de salida: python
2026-02-17 13:22:53,374 - f:pythonSalida:52 [INFO]:
Generando CRUD para tabla alumnos...
2026-02-17 13:22:53,374 - f:pythonSalida:53 [INFO]:
DB: gac2, Tipo de salida: python
2026-02-17 13:22:53,375 - f:utils:22 [INFO]:
Lanzar aplicación con 'py /media/homeUbuntu/luis/Documentos/cursos/fp_a_distancia/26-Python/gac/tarea2/salida/python/crud.py'
2026-02-17 13:25:44,590 - f:App:24 [INFO]:
0. Inicio del programa
2026-02-17 13:25:44,590 - f:App:140 [INFO]:
Tipo de bbdd: mariadb
2026-02-17 13:25:45,217 - f:dbTipo:104 [INFO]:
Base de datos 'gac2' eliminada (si existía).
2026-02-17 13:25:45,217 - f:dbTipo:104 [INFO]:
Base de datos 'gac2' creada o ya existente.
2026-02-17 13:25:45,218 - f:dbTipo:104 [INFO]:
Cambiando a la base de datos 'gac2'...
2026-02-17 13:25:45,243 - f:dbTipo:104 [INFO]:
Script sql ejecutado correctamente.
2026-02-17 13:25:45,245 - f:pythonSalida:52 [INFO]:
Generando CRUD para tabla calificaciones...
2026-02-17 13:25:45,245 - f:pythonSalida:53 [INFO]:
DB: gac2, Tipo de salida: python
2026-02-17 13:25:45,247 - f:pythonSalida:52 [INFO]:
Generando CRUD para tabla alumnos...
2026-02-17 13:25:45,247 - f:pythonSalida:53 [INFO]:
DB: gac2, Tipo de salida: python
2026-02-17 13:25:45,248 - f:utils:22 [INFO]:
Lanzar aplicación con 'py /media/homeUbuntu/luis/Documentos/cursos/fp_a_distancia/26-Python/gac/tarea2/salida/python/crud.py'
2026-02-17 13:27:19,166 - f:App:24 [INFO]:
0. Inicio del programa
2026-02-17 13:27:19,166 - f:App:140 [INFO]:
Tipo de bbdd: mariadb
2026-02-17 13:27:19,815 - f:dbTipo:104 [INFO]:
Base de datos 'gac2' eliminada (si existía).
2026-02-17 13:27:19,816 - f:dbTipo:104 [INFO]:
Base de datos 'gac2' creada o ya existente.
2026-02-17 13:27:19,816 - f:dbTipo:104 [INFO]:
Cambiando a la base de datos 'gac2'...
2026-02-17 13:27:19,841 - f:dbTipo:104 [INFO]:
Script sql ejecutado correctamente.
2026-02-17 13:27:19,843 - f:pythonSalida:52 [INFO]:
Generando CRUD para tabla calificaciones...
2026-02-17 13:27:19,843 - f:pythonSalida:53 [INFO]:
DB: gac2, Tipo de salida: python
2026-02-17 13:27:19,845 - f:pythonSalida:52 [INFO]:
Generando CRUD para tabla alumnos...
2026-02-17 13:27:19,845 - f:pythonSalida:53 [INFO]:
DB: gac2, Tipo de salida: python
2026-02-17 13:27:19,845 - f:utils:22 [INFO]:
Lanzar aplicación con 'py /media/homeUbuntu/luis/Documentos/cursos/fp_a_distancia/26-Python/gac/tarea2/salida/python/crud.py'
2026-02-17 13:30:25,258 - f:App:24 [INFO]:
0. Inicio del programa
2026-02-17 13:30:25,265 - f:App:140 [INFO]:
Tipo de bbdd: mariadb
2026-02-17 13:30:25,904 - f:dbTipo:104 [INFO]:
Base de datos 'gac2' eliminada (si existía).
2026-02-17 13:30:25,905 - f:dbTipo:104 [INFO]:
Base de datos 'gac2' creada o ya existente.
2026-02-17 13:30:25,905 - f:dbTipo:104 [INFO]:
Cambiando a la base de datos 'gac2'...
2026-02-17 13:30:25,929 - f:dbTipo:104 [INFO]:
Script sql ejecutado correctamente.
2026-02-17 13:30:25,932 - f:pythonSalida:52 [INFO]:
Generando CRUD para tabla calificaciones...
2026-02-17 13:30:25,932 - f:pythonSalida:53 [INFO]:
DB: gac2, Tipo de salida: python
2026-02-17 13:30:25,934 - f:pythonSalida:52 [INFO]:
Generando CRUD para tabla alumnos...
2026-02-17 13:30:25,934 - f:pythonSalida:53 [INFO]:
DB: gac2, Tipo de salida: python
2026-02-17 13:30:25,935 - f:utils:22 [INFO]:
Lanzar aplicación con 'py /media/homeUbuntu/luis/Documentos/cursos/fp_a_distancia/26-Python/gac/tarea2/salida/python/crud.py'
2026-02-17 13:31:02,623 - f:App:24 [INFO]:
0. Inicio del programa
2026-02-17 13:31:02,624 - f:App:140 [INFO]:
Tipo de bbdd: mariadb
2026-02-17 13:31:03,113 - f:dbTipo:104 [INFO]:
Base de datos 'gac2' eliminada (si existía).
2026-02-17 13:31:03,114 - f:dbTipo:104 [INFO]:
Base de datos 'gac2' creada o ya existente.
2026-02-17 13:31:03,114 - f:dbTipo:104 [INFO]:
Cambiando a la base de datos 'gac2'...
2026-02-17 13:31:03,139 - f:dbTipo:104 [INFO]:
Script sql ejecutado correctamente.
2026-02-17 13:31:03,142 - f:pythonSalida:52 [INFO]:
Generando CRUD para tabla calificaciones...
2026-02-17 13:31:03,142 - f:pythonSalida:53 [INFO]:
DB: gac2, Tipo de salida: python
2026-02-17 13:31:03,143 - f:pythonSalida:52 [INFO]:
Generando CRUD para tabla alumnos...
2026-02-17 13:31:03,143 - f:pythonSalida:53 [INFO]:
DB: gac2, Tipo de salida: python
2026-02-17 13:31:03,144 - f:utils:22 [INFO]:
Lanzar aplicación con 'py /media/homeUbuntu/luis/Documentos/cursos/fp_a_distancia/26-Python/gac/tarea2/salida/python/crud.py'
2026-02-17 13:32:32,862 - f:App:24 [INFO]:
0. Inicio del programa
2026-02-17 13:32:32,862 - f:App:140 [INFO]:
Tipo de bbdd: mariadb
2026-02-17 13:32:33,527 - f:dbTipo:104 [INFO]:
Base de datos 'gac2' eliminada (si existía).
2026-02-17 13:32:33,529 - f:dbTipo:104 [INFO]:
Base de datos 'gac2' creada o ya existente.
2026-02-17 13:32:33,529 - f:dbTipo:104 [INFO]:
Cambiando a la base de datos 'gac2'...
2026-02-17 13:32:33,558 - f:dbTipo:104 [INFO]:
Script sql ejecutado correctamente.
2026-02-17 13:32:33,561 - f:pythonSalida:52 [INFO]:
Generando CRUD para tabla calificaciones...
2026-02-17 13:32:33,561 - f:pythonSalida:53 [INFO]:
DB: gac2, Tipo de salida: python
2026-02-17 13:32:33,563 - f:pythonSalida:52 [INFO]:
Generando CRUD para tabla alumnos...
2026-02-17 13:32:33,563 - f:pythonSalida:53 [INFO]:
DB: gac2, Tipo de salida: python
2026-02-17 13:32:33,564 - f:utils:22 [INFO]:
Lanzar aplicación con 'py /media/homeUbuntu/luis/Documentos/cursos/fp_a_distancia/26-Python/gac/tarea2/salida/python/crud.py'
2026-02-17 13:34:10,734 - f:App:24 [INFO]:
0. Inicio del programa
2026-02-17 13:34:10,735 - f:App:140 [INFO]:
Tipo de bbdd: mariadb
2026-02-17 13:34:11,523 - f:dbTipo:104 [INFO]:
Base de datos 'gac2' eliminada (si existía).
2026-02-17 13:34:11,524 - f:dbTipo:104 [INFO]:
Base de datos 'gac2' creada o ya existente.
2026-02-17 13:34:11,524 - f:dbTipo:104 [INFO]:
Cambiando a la base de datos 'gac2'...
2026-02-17 13:34:11,553 - f:dbTipo:104 [INFO]:
Script sql ejecutado correctamente.
2026-02-17 13:34:11,557 - f:pythonSalida:52 [INFO]:
Generando CRUD para tabla calificaciones...
2026-02-17 13:34:11,557 - f:pythonSalida:53 [INFO]:
DB: gac2, Tipo de salida: python
2026-02-17 13:34:11,558 - f:pythonSalida:52 [INFO]:
Generando CRUD para tabla alumnos...
2026-02-17 13:34:11,558 - f:pythonSalida:53 [INFO]:
DB: gac2, Tipo de salida: python
2026-02-17 13:34:11,560 - f:utils:22 [INFO]:
Lanzar aplicación con 'py /media/homeUbuntu/luis/Documentos/cursos/fp_a_distancia/26-Python/gac/tarea2/salida/python/crud.py'
2026-02-17 13:36:58,819 - f:App:24 [INFO]:
0. Inicio del programa
2026-02-17 13:36:58,819 - f:App:140 [INFO]:
Tipo de bbdd: mariadb
2026-02-17 13:36:59,257 - f:dbTipo:104 [INFO]:
Base de datos 'gac2' eliminada (si existía).
2026-02-17 13:36:59,258 - f:dbTipo:104 [INFO]:
Base de datos 'gac2' creada o ya existente.
2026-02-17 13:36:59,258 - f:dbTipo:104 [INFO]:
Cambiando a la base de datos 'gac2'...
2026-02-17 13:36:59,281 - f:dbTipo:104 [INFO]:
Script sql ejecutado correctamente.
2026-02-17 13:36:59,284 - f:pythonSalida:52 [INFO]:
Generando CRUD para tabla calificaciones...
2026-02-17 13:36:59,284 - f:pythonSalida:53 [INFO]:
DB: gac2, Tipo de salida: python
2026-02-17 13:36:59,285 - f:pythonSalida:52 [INFO]:
Generando CRUD para tabla alumnos...
2026-02-17 13:36:59,285 - f:pythonSalida:53 [INFO]:
DB: gac2, Tipo de salida: python
2026-02-17 13:36:59,286 - f:utils:22 [INFO]:
Lanzar aplicación con 'py /media/homeUbuntu/luis/Documentos/cursos/fp_a_distancia/26-Python/gac/tarea2/salida/python/crud.py'
2026-02-18 08:09:59,076 - f:App:24 [INFO]:
0. Inicio del programa
2026-02-18 08:09:59,076 - f:App:140 [INFO]:
Tipo de bbdd: mariadb
2026-02-18 08:10:12,766 - f:dbTipo:108 [INFO]:
Script sql ejecutado correctamente.
2026-02-18 08:10:12,769 - f:pythonSalida:52 [INFO]:
Generando CRUD para tabla calificaciones...
2026-02-18 08:10:12,770 - f:pythonSalida:53 [INFO]:
DB: gac2, Tipo de salida: python
2026-02-18 08:10:12,771 - f:pythonSalida:52 [INFO]:
Generando CRUD para tabla alumnos...
2026-02-18 08:10:12,771 - f:pythonSalida:53 [INFO]:
DB: gac2, Tipo de salida: python
2026-02-18 08:10:12,772 - f:utils:22 [INFO]:
Lanzar aplicación con 'py /media/homeUbuntu/luis/Documentos/cursos/fp_a_distancia/26-Python/gac/tarea2/salida/python/crud.py'
2026-02-18 08:25:23,489 - f:App:24 [INFO]:
0. Inicio del programa
2026-02-18 08:25:23,489 - f:App:140 [INFO]:
Tipo de bbdd: mariadb
2026-02-18 08:25:24,565 - f:dbTipo:118 [INFO]:
Base de datos 'gac2' eliminada (si existía).
2026-02-18 08:25:24,565 - f:dbTipo:118 [INFO]:
Base de datos 'gac2' creada o ya existente.
2026-02-18 08:25:24,566 - f:dbTipo:118 [INFO]:
Cambiando a la base de datos 'gac2'...
2026-02-18 08:25:24,591 - f:dbTipo:118 [INFO]:
Script sql ejecutado correctamente.
2026-02-18 08:25:24,594 - f:pythonSalida:52 [INFO]:
Generando CRUD para tabla calificaciones...
2026-02-18 08:25:24,594 - f:pythonSalida:53 [INFO]:
DB: gac2, Tipo de salida: python
2026-02-18 08:25:24,596 - f:pythonSalida:52 [INFO]:
Generando CRUD para tabla alumnos...
2026-02-18 08:25:24,596 - f:pythonSalida:53 [INFO]:
DB: gac2, Tipo de salida: python
2026-02-18 08:25:24,597 - f:utils:22 [INFO]:
Lanzar aplicación con 'py /media/homeUbuntu/luis/Documentos/cursos/fp_a_distancia/26-Python/gac/tarea2/salida/python/crud.py'
2026-02-18 08:31:38,520 - f:App:24 [INFO]:
0. Inicio del programa
2026-02-18 08:31:38,520 - f:App:140 [INFO]:
Tipo de bbdd: mariadb
2026-02-18 08:31:39,615 - f:dbTipo:118 [INFO]:
Base de datos 'gac2' eliminada (si existía).
2026-02-18 08:31:39,616 - f:dbTipo:118 [INFO]:
Base de datos 'gac2' creada o ya existente.
2026-02-18 08:31:39,616 - f:dbTipo:118 [INFO]:
Cambiando a la base de datos 'gac2'...
2026-02-18 08:31:39,641 - f:dbTipo:118 [INFO]:
Script sql ejecutado correctamente.
2026-02-18 08:31:39,644 - f:pythonSalida:52 [INFO]:
Generando CRUD para tabla calificaciones...
2026-02-18 08:31:39,644 - f:pythonSalida:53 [INFO]:
DB: gac2, Tipo de salida: python
2026-02-18 08:31:39,645 - f:pythonSalida:52 [INFO]:
Generando CRUD para tabla alumnos...
2026-02-18 08:31:39,645 - f:pythonSalida:53 [INFO]:
DB: gac2, Tipo de salida: python
2026-02-18 08:31:39,646 - f:utils:22 [INFO]:
Lanzar aplicación con 'py /media/homeUbuntu/luis/Documentos/cursos/fp_a_distancia/26-Python/gac/tarea2/salida/python/crud.py'
2026-02-18 08:32:28,654 - f:App:24 [INFO]:
0. Inicio del programa
2026-02-18 08:32:28,655 - f:App:140 [INFO]:
Tipo de bbdd: mariadb
2026-02-18 08:32:29,362 - f:dbTipo:118 [INFO]:
Base de datos 'gac2' eliminada (si existía).
2026-02-18 08:32:29,362 - f:dbTipo:118 [INFO]:
Base de datos 'gac2' creada o ya existente.
2026-02-18 08:32:29,362 - f:dbTipo:118 [INFO]:
Cambiando a la base de datos 'gac2'...
2026-02-18 08:32:29,390 - f:dbTipo:118 [INFO]:
Script sql ejecutado correctamente.
2026-02-18 08:32:29,393 - f:pythonSalida:52 [INFO]:
Generando CRUD para tabla calificaciones...
2026-02-18 08:32:29,393 - f:pythonSalida:53 [INFO]:
DB: gac2, Tipo de salida: python
2026-02-18 08:32:29,395 - f:pythonSalida:52 [INFO]:
Generando CRUD para tabla alumnos...
2026-02-18 08:32:29,395 - f:pythonSalida:53 [INFO]:
DB: gac2, Tipo de salida: python
2026-02-18 08:32:29,396 - f:utils:22 [INFO]:
Lanzar aplicación con 'py /media/homeUbuntu/luis/Documentos/cursos/fp_a_distancia/26-Python/gac/tarea2/salida/python/crud.py'
2026-02-18 08:33:39,983 - f:App:24 [INFO]:
0. Inicio del programa
2026-02-18 08:33:39,983 - f:App:140 [INFO]:
Tipo de bbdd: mariadb
2026-02-18 08:33:40,449 - f:dbTipo:118 [INFO]:
Base de datos 'gac2' eliminada (si existía).
2026-02-18 08:33:40,450 - f:dbTipo:118 [INFO]:
Base de datos 'gac2' creada o ya existente.
2026-02-18 08:33:40,450 - f:dbTipo:118 [INFO]:
Cambiando a la base de datos 'gac2'...
2026-02-18 08:33:40,474 - f:dbTipo:118 [INFO]:
Script sql ejecutado correctamente.
2026-02-18 08:33:40,477 - f:pythonSalida:52 [INFO]:
Generando CRUD para tabla calificaciones...
2026-02-18 08:33:40,477 - f:pythonSalida:53 [INFO]:
DB: gac2, Tipo de salida: python
2026-02-18 08:33:40,478 - f:pythonSalida:52 [INFO]:
Generando CRUD para tabla alumnos...
2026-02-18 08:33:40,478 - f:pythonSalida:53 [INFO]:
DB: gac2, Tipo de salida: python
2026-02-18 08:33:40,479 - f:utils:22 [INFO]:
Lanzar aplicación con 'py /media/homeUbuntu/luis/Documentos/cursos/fp_a_distancia/26-Python/gac/tarea2/salida/python/crud.py'
2026-02-18 08:47:36,804 - f:App:24 [INFO]:
0. Inicio del programa
2026-02-18 08:47:36,804 - f:App:140 [INFO]:
Tipo de bbdd: mariadb
2026-02-18 08:47:38,113 - f:dbTipo:122 [ERROR]:
Error ejecutando el script SQL: 1451 (23000): Cannot delete or update a parent row: a foreign key constraint fails
2026-02-18 08:47:51,411 - f:App:24 [INFO]:
0. Inicio del programa
2026-02-18 08:47:51,411 - f:App:140 [INFO]:
Tipo de bbdd: mariadb
2026-02-18 08:47:51,938 - f:dbTipo:118 [INFO]:
Base de datos 'gac2' eliminada (si existía).
2026-02-18 08:47:51,939 - f:dbTipo:118 [INFO]:
Base de datos 'gac2' creada o ya existente.
2026-02-18 08:47:51,939 - f:dbTipo:118 [INFO]:
Cambiando a la base de datos 'gac2'...
2026-02-18 08:47:51,963 - f:dbTipo:118 [INFO]:
Script sql ejecutado correctamente.
2026-02-18 08:47:51,965 - f:pythonSalida:52 [INFO]:
Generando CRUD para tabla calificaciones...
2026-02-18 08:47:51,965 - f:pythonSalida:53 [INFO]:
DB: gac2, Tipo de salida: python
2026-02-18 08:47:51,966 - f:pythonSalida:52 [INFO]:
Generando CRUD para tabla alumnos...
2026-02-18 08:47:51,967 - f:pythonSalida:53 [INFO]:
DB: gac2, Tipo de salida: python
2026-02-18 08:47:51,968 - f:utils:22 [INFO]:
Lanzar aplicación con 'py /media/homeUbuntu/luis/Documentos/cursos/fp_a_distancia/26-Python/gac/tarea2/salida/python/crud.py'
2026-02-18 09:01:36,900 - f:App:24 [INFO]:
0. Inicio del programa
2026-02-18 09:01:36,900 - f:App:140 [INFO]:
Tipo de bbdd: mariadb
2026-02-18 09:01:37,489 - f:dbTipo:118 [INFO]:
Base de datos 'gac2' eliminada (si existía).
2026-02-18 09:01:37,490 - f:dbTipo:118 [INFO]:
Base de datos 'gac2' creada o ya existente.
2026-02-18 09:01:37,490 - f:dbTipo:118 [INFO]:
Cambiando a la base de datos 'gac2'...
2026-02-18 09:01:37,514 - f:dbTipo:118 [INFO]:
Script sql ejecutado correctamente.
2026-02-18 09:01:37,517 - f:pythonSalida:52 [INFO]:
Generando CRUD para tabla calificaciones...
2026-02-18 09:01:37,517 - f:pythonSalida:53 [INFO]:
DB: gac2, Tipo de salida: python
2026-02-18 09:01:37,518 - f:pythonSalida:52 [INFO]:
Generando CRUD para tabla alumnos...
2026-02-18 09:01:37,518 - f:pythonSalida:53 [INFO]:
DB: gac2, Tipo de salida: python
2026-02-18 09:01:37,519 - f:utils:22 [INFO]:
Lanzar aplicación con 'py /media/homeUbuntu/luis/Documentos/cursos/fp_a_distancia/26-Python/gac/tarea2/salida/python/crud.py'
2026-02-18 09:06:37,777 - f:App:24 [INFO]:
0. Inicio del programa
2026-02-18 09:06:37,777 - f:App:140 [INFO]:
Tipo de bbdd: mariadb
2026-02-18 09:06:38,647 - f:dbTipo:118 [INFO]:
Base de datos 'gac2' eliminada (si existía).
2026-02-18 09:06:38,647 - f:dbTipo:118 [INFO]:
Base de datos 'gac2' creada o ya existente.
2026-02-18 09:06:38,648 - f:dbTipo:118 [INFO]:
Cambiando a la base de datos 'gac2'...
2026-02-18 09:06:38,676 - f:dbTipo:118 [INFO]:
Script sql ejecutado correctamente.
2026-02-18 09:06:38,680 - f:pythonSalida:52 [INFO]:
Generando CRUD para tabla calificaciones...
2026-02-18 09:06:38,680 - f:pythonSalida:53 [INFO]:
DB: gac2, Tipo de salida: python
2026-02-18 09:06:38,681 - f:pythonSalida:52 [INFO]:
Generando CRUD para tabla alumnos...
2026-02-18 09:06:38,681 - f:pythonSalida:53 [INFO]:
DB: gac2, Tipo de salida: python
2026-02-18 09:06:38,683 - f:utils:22 [INFO]:
Lanzar aplicación con 'py /media/homeUbuntu/luis/Documentos/cursos/fp_a_distancia/26-Python/gac/tarea2/salida/python/crud.py'
2026-02-18 09:10:56,146 - f:App:24 [INFO]:
0. Inicio del programa
2026-02-18 09:10:56,146 - f:App:140 [INFO]:
Tipo de bbdd: mariadb
2026-02-18 09:10:57,142 - f:dbTipo:118 [INFO]:
Base de datos 'gac2' eliminada (si existía).
2026-02-18 09:10:57,143 - f:dbTipo:118 [INFO]:
Base de datos 'gac2' creada o ya existente.
2026-02-18 09:10:57,143 - f:dbTipo:118 [INFO]:
Cambiando a la base de datos 'gac2'...
2026-02-18 09:10:57,168 - f:dbTipo:118 [INFO]:
Script sql ejecutado correctamente.
2026-02-18 09:10:57,172 - f:pythonSalida:53 [INFO]:
Generando CRUD para tabla calificaciones...
2026-02-18 09:10:57,172 - f:pythonSalida:54 [INFO]:
DB: gac2, Tipo de salida: python
2026-02-18 09:10:57,174 - f:pythonSalida:53 [INFO]:
Generando CRUD para tabla alumnos...
2026-02-18 09:10:57,174 - f:pythonSalida:54 [INFO]:
DB: gac2, Tipo de salida: python
2026-02-18 09:10:57,175 - f:utils:22 [INFO]:
Lanzar aplicación con 'py /media/homeUbuntu/luis/Documentos/cursos/fp_a_distancia/26-Python/gac/tarea2/salida/python/crud.py'
2026-02-18 09:11:38,015 - f:App:24 [INFO]:
0. Inicio del programa
2026-02-18 09:11:38,015 - f:App:140 [INFO]:
Tipo de bbdd: mariadb
2026-02-18 09:11:39,025 - f:dbTipo:118 [INFO]:
Base de datos 'gac2' eliminada (si existía).
2026-02-18 09:11:39,025 - f:dbTipo:118 [INFO]:
Base de datos 'gac2' creada o ya existente.
2026-02-18 09:11:39,025 - f:dbTipo:118 [INFO]:
Cambiando a la base de datos 'gac2'...
2026-02-18 09:11:39,049 - f:dbTipo:118 [INFO]:
Script sql ejecutado correctamente.
2026-02-18 09:12:06,207 - f:App:24 [INFO]:
0. Inicio del programa
2026-02-18 09:12:06,208 - f:App:140 [INFO]:
Tipo de bbdd: mariadb
2026-02-18 09:12:06,974 - f:dbTipo:118 [INFO]:
Base de datos 'gac2' eliminada (si existía).
2026-02-18 09:12:06,974 - f:dbTipo:118 [INFO]:
Base de datos 'gac2' creada o ya existente.
2026-02-18 09:12:06,975 - f:dbTipo:118 [INFO]:
Cambiando a la base de datos 'gac2'...
2026-02-18 09:12:06,999 - f:dbTipo:118 [INFO]:
Script sql ejecutado correctamente.
2026-02-18 09:12:07,003 - f:pythonSalida:53 [INFO]:
Generando CRUD para tabla calificaciones...
2026-02-18 09:12:07,003 - f:pythonSalida:54 [INFO]:
DB: gac2, Tipo de salida: python
2026-02-18 09:12:07,004 - f:pythonSalida:53 [INFO]:
Generando CRUD para tabla alumnos...
2026-02-18 09:12:07,004 - f:pythonSalida:54 [INFO]:
DB: gac2, Tipo de salida: python
2026-02-18 09:12:07,005 - f:utils:22 [INFO]:
Lanzar aplicación con 'py /media/homeUbuntu/luis/Documentos/cursos/fp_a_distancia/26-Python/gac/tarea2/salida/python/crud.py'
2026-02-18 09:12:59,260 - f:App:24 [INFO]:
0. Inicio del programa
2026-02-18 09:12:59,260 - f:App:140 [INFO]:
Tipo de bbdd: mariadb
2026-02-18 09:12:59,910 - f:dbTipo:118 [INFO]:
Base de datos 'gac2' eliminada (si existía).
2026-02-18 09:12:59,910 - f:dbTipo:118 [INFO]:
Base de datos 'gac2' creada o ya existente.
2026-02-18 09:12:59,910 - f:dbTipo:118 [INFO]:
Cambiando a la base de datos 'gac2'...
2026-02-18 09:12:59,933 - f:dbTipo:118 [INFO]:
Script sql ejecutado correctamente.
2026-02-18 09:12:59,937 - f:pythonSalida:53 [INFO]:
Generando CRUD para tabla calificaciones...
2026-02-18 09:12:59,937 - f:pythonSalida:54 [INFO]:
DB: gac2, Tipo de salida: python
2026-02-18 09:12:59,938 - f:pythonSalida:53 [INFO]:
Generando CRUD para tabla alumnos...
2026-02-18 09:12:59,938 - f:pythonSalida:54 [INFO]:
DB: gac2, Tipo de salida: python
2026-02-18 09:12:59,939 - f:utils:22 [INFO]:
Lanzar aplicación con 'py /media/homeUbuntu/luis/Documentos/cursos/fp_a_distancia/26-Python/gac/tarea2/salida/python/crud.py'
2026-02-18 09:14:38,336 - f:App:24 [INFO]:
0. Inicio del programa
2026-02-18 09:14:38,336 - f:App:140 [INFO]:
Tipo de bbdd: mariadb
2026-02-18 09:14:39,139 - f:dbTipo:118 [INFO]:
Base de datos 'gac2' eliminada (si existía).
2026-02-18 09:14:39,139 - f:dbTipo:118 [INFO]:
Base de datos 'gac2' creada o ya existente.
2026-02-18 09:14:39,140 - f:dbTipo:118 [INFO]:
Cambiando a la base de datos 'gac2'...
2026-02-18 09:14:39,164 - f:dbTipo:118 [INFO]:
Script sql ejecutado correctamente.
2026-02-18 09:14:39,168 - f:pythonSalida:54 [INFO]:
Generando CRUD para tabla calificaciones...
2026-02-18 09:14:39,168 - f:pythonSalida:55 [INFO]:
DB: gac2, Tipo de salida: python
2026-02-18 09:14:39,169 - f:pythonSalida:54 [INFO]:
Generando CRUD para tabla alumnos...
2026-02-18 09:14:39,169 - f:pythonSalida:55 [INFO]:
DB: gac2, Tipo de salida: python
2026-02-18 09:14:39,170 - f:utils:22 [INFO]:
Lanzar aplicación con 'py /media/homeUbuntu/luis/Documentos/cursos/fp_a_distancia/26-Python/gac/tarea2/salida/python/crud.py'
2026-02-18 09:29:56,706 - f:App:24 [INFO]:
0. Inicio del programa
2026-02-18 09:29:56,706 - f:App:140 [INFO]:
Tipo de bbdd: sqlite
2026-02-18 09:29:57,447 - f:dbTipo:118 [INFO]:
BBDD eliminada
2026-02-18 09:29:57,455 - f:dbTipo:118 [INFO]:
Script sql ejecutado correctamente.
2026-02-18 09:29:57,456 - f:dbTipo:118 [INFO]:
Lectura SELECT name FROM sqlite_master WHERE type like 'table' AND name NOT LIKE 'sqlite_%' ORDER BY name; correcta
2026-02-18 09:29:57,456 - f:dbTipo:118 [INFO]:
Lectura SELECT 'alumnos' AS table_name, name AS column_name, cid + 1 AS ordinal_position, dflt_value AS column_default, CASE 'notnull' WHEN 0 THEN 'YES' ELSE 'NO' END AS is_nullable, type AS data_type, NULL AS character_maximum_length, NULL AS numeric_precision, type AS column_type, CASE pk WHEN 1 THEN 'PRI' ELSE '' END AS column_key, NULL AS column_comment FROM pragma_table_info('alumnos'); correcta
2026-02-18 09:29:57,456 - f:dbTipo:118 [INFO]:
Lectura SELECT 'calificaciones' AS table_name, name AS column_name, cid + 1 AS ordinal_position, dflt_value AS column_default, CASE 'notnull' WHEN 0 THEN 'YES' ELSE 'NO' END AS is_nullable, type AS data_type, NULL AS character_maximum_length, NULL AS numeric_precision, type AS column_type, CASE pk WHEN 1 THEN 'PRI' ELSE '' END AS column_key, NULL AS column_comment FROM pragma_table_info('calificaciones'); correcta
2026-02-18 09:29:57,460 - f:pythonSalida:46 [INFO]:
Generando CRUD para tabla alumnos...
2026-02-18 09:29:57,460 - f:pythonSalida:47 [INFO]:
DB: salida/php/db_in_sqlite.db, Tipo de salida: python
2026-02-18 09:29:57,461 - f:pythonSalida:46 [INFO]:
Generando CRUD para tabla calificaciones...
2026-02-18 09:29:57,461 - f:pythonSalida:47 [INFO]:
DB: salida/php/db_in_sqlite.db, Tipo de salida: python
2026-02-18 09:29:57,462 - f:utils:22 [INFO]:
Lanzar aplicación con 'py /media/homeUbuntu/luis/Documentos/cursos/fp_a_distancia/26-Python/gac/tarea2/salida/python/crud.py'
2026-02-18 09:47:05,919 - f:App:24 [INFO]:
0. Inicio del programa
2026-02-18 09:47:05,926 - f:App:140 [INFO]:
Tipo de bbdd: sqlite
2026-02-18 09:47:06,888 - f:dbTipo:118 [INFO]:
BBDD eliminada
2026-02-18 09:47:06,890 - f:dbTipo:118 [INFO]:
Script sql ejecutado correctamente.
2026-02-18 09:47:06,891 - f:dbTipo:118 [INFO]:
Lectura SELECT name FROM sqlite_master WHERE type like 'table' AND name NOT LIKE 'sqlite_%' ORDER BY name; correcta
2026-02-18 09:47:06,891 - f:dbTipo:118 [INFO]:
Lectura SELECT 'alumnos' AS table_name, name AS column_name, cid + 1 AS ordinal_position, dflt_value AS column_default, CASE 'notnull' WHEN 0 THEN 'YES' ELSE 'NO' END AS is_nullable, type AS data_type, NULL AS character_maximum_length, NULL AS numeric_precision, type AS column_type, CASE pk WHEN 1 THEN 'PRI' ELSE '' END AS column_key, NULL AS column_comment FROM pragma_table_info('alumnos'); correcta
2026-02-18 09:47:06,891 - f:dbTipo:118 [INFO]:
Lectura SELECT 'calificaciones' AS table_name, name AS column_name, cid + 1 AS ordinal_position, dflt_value AS column_default, CASE 'notnull' WHEN 0 THEN 'YES' ELSE 'NO' END AS is_nullable, type AS data_type, NULL AS character_maximum_length, NULL AS numeric_precision, type AS column_type, CASE pk WHEN 1 THEN 'PRI' ELSE '' END AS column_key, NULL AS column_comment FROM pragma_table_info('calificaciones'); correcta
2026-02-18 09:47:06,895 - f:pythonSalida:49 [INFO]:
Generando CRUD para tabla alumnos...
2026-02-18 09:47:06,895 - f:pythonSalida:50 [INFO]:
DB: salida/php/db_in_sqlite.db, Tipo de salida: python
2026-02-18 09:47:06,896 - f:pythonSalida:49 [INFO]:
Generando CRUD para tabla calificaciones...
2026-02-18 09:47:06,896 - f:pythonSalida:50 [INFO]:
DB: salida/php/db_in_sqlite.db, Tipo de salida: python
2026-02-18 09:47:06,897 - f:utils:22 [INFO]:
Lanzar aplicación con 'py /media/homeUbuntu/luis/Documentos/cursos/fp_a_distancia/26-Python/gac/tarea2/salida/python/crud.py'
2026-02-24 08:23:52,093 - f:App:25 [INFO]:
0. Inicio del programa
2026-02-24 08:23:52,094 - f:App:141 [INFO]:
Tipo de bbdd: mariadb
2026-02-24 08:23:55,910 - f:dbTipo:125 [INFO]:
Base de datos 'gac2' eliminada (si existía).
2026-02-24 08:23:55,911 - f:dbTipo:125 [INFO]:
Base de datos 'gac2' creada o ya existente.
2026-02-24 08:23:55,912 - f:dbTipo:125 [INFO]:
Cambiando a la base de datos 'gac2'...
2026-02-24 08:23:55,938 - f:dbTipo:125 [INFO]:
Script sql ejecutado correctamente.
2026-02-24 08:23:55,941 - f:pythonSalida:49 [INFO]:
Generando CRUD para tabla calificaciones...
2026-02-24 08:23:55,941 - f:pythonSalida:50 [INFO]:
DB: gac2, Tipo de salida: python
2026-02-24 08:25:42,532 - f:App:25 [INFO]:
0. Inicio del programa
2026-02-24 08:25:42,533 - f:App:141 [INFO]:
Tipo de bbdd: mariadb
2026-02-24 08:25:44,174 - f:dbTipo:125 [INFO]:
Base de datos 'gac2' eliminada (si existía).
2026-02-24 08:25:44,175 - f:dbTipo:125 [INFO]:
Base de datos 'gac2' creada o ya existente.
2026-02-24 08:25:44,175 - f:dbTipo:125 [INFO]:
Cambiando a la base de datos 'gac2'...
2026-02-24 08:25:44,199 - f:dbTipo:125 [INFO]:
Script sql ejecutado correctamente.
2026-02-24 08:25:44,202 - f:pythonSalida:49 [INFO]:
Generando CRUD para tabla calificaciones...
2026-02-24 08:25:44,202 - f:pythonSalida:50 [INFO]:
DB: gac2, Tipo de salida: python
2026-02-24 08:25:44,203 - f:pythonSalida:49 [INFO]:
Generando CRUD para tabla alumnos...
2026-02-24 08:25:44,203 - f:pythonSalida:50 [INFO]:
DB: gac2, Tipo de salida: python
2026-02-24 08:25:44,204 - f:utils:22 [INFO]:
Lanzar aplicación con 'py /media/homeUbuntu/luis/Documentos/cursos/fp_a_distancia/26-Python/gac/tarea2/salida/python/crud.py'
2026-02-24 08:27:02,478 - f:App:25 [INFO]:
0. Inicio del programa
2026-02-24 08:27:02,478 - f:App:141 [INFO]:
Tipo de bbdd: sqlite
2026-02-24 08:27:02,488 - f:dbTipo:125 [INFO]:
Conectando a la base de datos SQLite en '/media/homeUbuntu/luis/Documentos/cursos/fp_a_distancia/26-Python/gac/tarea2/salida/php/db_in_sqlite.db'...
2026-02-24 08:27:03,255 - f:dbTipo:125 [INFO]:
BBDD eliminada
2026-02-24 08:27:03,255 - f:dbTipo:125 [INFO]:
Conectando a la base de datos SQLite en '/media/homeUbuntu/luis/Documentos/cursos/fp_a_distancia/26-Python/gac/tarea2/salida/php/db_in_sqlite.db'...
2026-02-24 08:27:03,255 - f:dbTipo:125 [INFO]:
BBDD "salida/php/db_in_sqlite.db" creada nuevamente
2026-02-24 08:27:03,257 - f:dbTipo:125 [INFO]:
Script sql ejecutado correctamente.
2026-02-24 08:27:03,257 - f:dbTipo:125 [INFO]:
Lectura SELECT name FROM sqlite_master WHERE type like 'table' AND name NOT LIKE 'sqlite_%' ORDER BY name; correcta
2026-02-24 08:27:03,257 - f:dbTipo:125 [INFO]:
Lectura SELECT 'alumnos' AS table_name, name AS column_name, cid + 1 AS ordinal_position, dflt_value AS column_default, CASE 'notnull' WHEN 0 THEN 'YES' ELSE 'NO' END AS is_nullable, type AS data_type, NULL AS character_maximum_length, NULL AS numeric_precision, type AS column_type, CASE pk WHEN 1 THEN 'PRI' ELSE '' END AS column_key, NULL AS column_comment FROM pragma_table_info('alumnos'); correcta
2026-02-24 08:27:03,257 - f:dbTipo:125 [INFO]:
Lectura SELECT 'calificaciones' AS table_name, name AS column_name, cid + 1 AS ordinal_position, dflt_value AS column_default, CASE 'notnull' WHEN 0 THEN 'YES' ELSE 'NO' END AS is_nullable, type AS data_type, NULL AS character_maximum_length, NULL AS numeric_precision, type AS column_type, CASE pk WHEN 1 THEN 'PRI' ELSE '' END AS column_key, NULL AS column_comment FROM pragma_table_info('calificaciones'); correcta
2026-02-24 08:27:03,260 - f:pythonSalida:49 [INFO]:
Generando CRUD para tabla alumnos...
2026-02-24 08:27:03,260 - f:pythonSalida:50 [INFO]:
DB: salida/php/db_in_sqlite.db, Tipo de salida: python
2026-02-24 08:27:03,261 - f:pythonSalida:49 [INFO]:
Generando CRUD para tabla calificaciones...
2026-02-24 08:27:03,261 - f:pythonSalida:50 [INFO]:
DB: salida/php/db_in_sqlite.db, Tipo de salida: python
2026-02-24 08:27:03,262 - f:utils:22 [INFO]:
Lanzar aplicación con 'py /media/homeUbuntu/luis/Documentos/cursos/fp_a_distancia/26-Python/gac/tarea2/salida/python/crud.py'
2026-02-24 10:40:42,889 - f:App:25 [INFO]:
0. Inicio del programa
2026-02-24 10:40:48,591 - f:App:141 [INFO]:
Tipo de bbdd: sqlite
2026-02-24 10:40:48,602 - f:dbTipo:125 [INFO]:
Conectando a la base de datos SQLite en '/home/luis/Documentos/cursos/fp_a_distancia/26-Python/gac/tarea2/salida/php/db_in_sqlite.db'...
2026-02-24 10:40:56,316 - f:dbTipo:125 [INFO]:
BBDD eliminada
2026-02-24 10:40:56,316 - f:dbTipo:125 [INFO]:
Conectando a la base de datos SQLite en '/home/luis/Documentos/cursos/fp_a_distancia/26-Python/gac/tarea2/salida/php/db_in_sqlite.db'...
2026-02-24 10:40:56,318 - f:dbTipo:125 [INFO]:
BBDD "salida/php/db_in_sqlite.db" creada nuevamente
2026-02-24 10:40:56,328 - f:dbTipo:125 [INFO]:
Script sql ejecutado correctamente.
2026-02-24 10:40:56,328 - f:dbTipo:125 [INFO]:
Lectura SELECT name FROM sqlite_master WHERE type like 'table' AND name NOT LIKE 'sqlite_%' ORDER BY name; correcta
2026-02-24 10:40:56,328 - f:dbTipo:125 [INFO]:
Lectura SELECT 'alumnos' AS table_name, name AS column_name, cid + 1 AS ordinal_position, dflt_value AS column_default, CASE 'notnull' WHEN 0 THEN 'YES' ELSE 'NO' END AS is_nullable, type AS data_type, NULL AS character_maximum_length, NULL AS numeric_precision, type AS column_type, CASE pk WHEN 1 THEN 'PRI' ELSE '' END AS column_key, NULL AS column_comment FROM pragma_table_info('alumnos'); correcta
2026-02-24 10:40:56,329 - f:dbTipo:125 [INFO]:
Lectura SELECT 'calificaciones' AS table_name, name AS column_name, cid + 1 AS ordinal_position, dflt_value AS column_default, CASE 'notnull' WHEN 0 THEN 'YES' ELSE 'NO' END AS is_nullable, type AS data_type, NULL AS character_maximum_length, NULL AS numeric_precision, type AS column_type, CASE pk WHEN 1 THEN 'PRI' ELSE '' END AS column_key, NULL AS column_comment FROM pragma_table_info('calificaciones'); correcta
2026-02-24 10:40:56,330 - f:pythonSalida:49 [INFO]:
Generando CRUD para tabla alumnos...
2026-02-24 10:40:56,331 - f:pythonSalida:50 [INFO]:
DB: salida/php/db_in_sqlite.db, Tipo de salida: python
2026-02-24 10:45:24,226 - f:App:25 [INFO]:
0. Inicio del programa
2026-02-24 10:45:24,226 - f:App:141 [INFO]:
Tipo de bbdd: sqlite
2026-02-24 10:45:24,228 - f:dbTipo:125 [INFO]:
Conectando a la base de datos SQLite en '/media/homeUbuntu/luis/Documentos/cursos/fp_a_distancia/26-Python/gac/tarea2/salida/php/db_in_sqlite.db'...
2026-02-24 10:45:28,081 - f:dbTipo:125 [INFO]:
BBDD eliminada
2026-02-24 10:45:28,081 - f:dbTipo:125 [INFO]:
Conectando a la base de datos SQLite en '/media/homeUbuntu/luis/Documentos/cursos/fp_a_distancia/26-Python/gac/tarea2/salida/php/db_in_sqlite.db'...
2026-02-24 10:45:28,081 - f:dbTipo:125 [INFO]:
BBDD "salida/php/db_in_sqlite.db" creada nuevamente
2026-02-24 10:45:28,091 - f:dbTipo:125 [INFO]:
Script sql ejecutado correctamente.
2026-02-24 10:45:28,091 - f:dbTipo:125 [INFO]:
Lectura SELECT name FROM sqlite_master WHERE type like 'table' AND name NOT LIKE 'sqlite_%' ORDER BY name; correcta
2026-02-24 10:45:28,091 - f:dbTipo:125 [INFO]:
Lectura SELECT 'alumnos' AS table_name, name AS column_name, cid + 1 AS ordinal_position, dflt_value AS column_default, CASE 'notnull' WHEN 0 THEN 'YES' ELSE 'NO' END AS is_nullable, type AS data_type, NULL AS character_maximum_length, NULL AS numeric_precision, type AS column_type, CASE pk WHEN 1 THEN 'PRI' ELSE '' END AS column_key, NULL AS column_comment FROM pragma_table_info('alumnos'); correcta
2026-02-24 10:45:28,091 - f:dbTipo:125 [INFO]:
Lectura SELECT 'calificaciones' AS table_name, name AS column_name, cid + 1 AS ordinal_position, dflt_value AS column_default, CASE 'notnull' WHEN 0 THEN 'YES' ELSE 'NO' END AS is_nullable, type AS data_type, NULL AS character_maximum_length, NULL AS numeric_precision, type AS column_type, CASE pk WHEN 1 THEN 'PRI' ELSE '' END AS column_key, NULL AS column_comment FROM pragma_table_info('calificaciones'); correcta
2026-02-24 10:45:28,097 - f:pythonSalida:49 [INFO]:
Generando CRUD para tabla alumnos...
2026-02-24 10:45:28,097 - f:pythonSalida:50 [INFO]:
DB: salida/php/db_in_sqlite.db, Tipo de salida: python
2026-02-24 11:05:52,654 - f:App:25 [INFO]:
0. Inicio del programa
2026-02-24 11:05:52,654 - f:App:141 [INFO]:
Tipo de bbdd: sqlite
2026-02-24 11:05:52,658 - f:dbTipo:125 [INFO]:
Conectando a la base de datos SQLite en '/media/homeUbuntu/luis/Documentos/cursos/fp_a_distancia/26-Python/gac/tarea2/salida/php/db_in_sqlite.db'...
2026-02-24 11:05:53,548 - f:dbTipo:125 [INFO]:
BBDD eliminada
2026-02-24 11:05:53,548 - f:dbTipo:125 [INFO]:
Conectando a la base de datos SQLite en '/media/homeUbuntu/luis/Documentos/cursos/fp_a_distancia/26-Python/gac/tarea2/salida/php/db_in_sqlite.db'...
2026-02-24 11:05:53,548 - f:dbTipo:125 [INFO]:
BBDD "salida/php/db_in_sqlite.db" creada nuevamente
2026-02-24 11:05:53,550 - f:dbTipo:125 [INFO]:
Script sql ejecutado correctamente.
2026-02-24 11:05:53,550 - f:dbTipo:125 [INFO]:
Lectura SELECT name FROM sqlite_master WHERE type like 'table' AND name NOT LIKE 'sqlite_%' ORDER BY name; correcta
2026-02-24 11:05:53,550 - f:dbTipo:125 [INFO]:
Lectura SELECT 'alumnos' AS table_name, name AS column_name, cid + 1 AS ordinal_position, dflt_value AS column_default, CASE 'notnull' WHEN 0 THEN 'YES' ELSE 'NO' END AS is_nullable, type AS data_type, NULL AS character_maximum_length, NULL AS numeric_precision, type AS column_type, CASE pk WHEN 1 THEN 'PRI' ELSE '' END AS column_key, NULL AS column_comment FROM pragma_table_info('alumnos'); correcta
2026-02-24 11:05:53,551 - f:dbTipo:125 [INFO]:
Lectura SELECT 'calificaciones' AS table_name, name AS column_name, cid + 1 AS ordinal_position, dflt_value AS column_default, CASE 'notnull' WHEN 0 THEN 'YES' ELSE 'NO' END AS is_nullable, type AS data_type, NULL AS character_maximum_length, NULL AS numeric_precision, type AS column_type, CASE pk WHEN 1 THEN 'PRI' ELSE '' END AS column_key, NULL AS column_comment FROM pragma_table_info('calificaciones'); correcta
2026-02-24 11:05:53,556 - f:pythonSalida:47 [INFO]:
Generando CRUD para tabla alumnos...
2026-02-24 11:05:53,556 - f:pythonSalida:48 [INFO]:
DB: salida/php/db_in_sqlite.db, Tipo de salida: python
2026-02-24 11:06:05,407 - f:App:25 [INFO]:
0. Inicio del programa
2026-02-24 11:06:05,408 - f:App:141 [INFO]:
Tipo de bbdd: sqlite
2026-02-24 11:06:05,410 - f:dbTipo:125 [INFO]:
Conectando a la base de datos SQLite en '/media/homeUbuntu/luis/Documentos/cursos/fp_a_distancia/26-Python/gac/tarea2/salida/php/db_in_sqlite.db'...
2026-02-24 11:06:06,915 - f:dbTipo:125 [INFO]:
BBDD eliminada
2026-02-24 11:06:06,915 - f:dbTipo:125 [INFO]:
Conectando a la base de datos SQLite en '/media/homeUbuntu/luis/Documentos/cursos/fp_a_distancia/26-Python/gac/tarea2/salida/php/db_in_sqlite.db'...
2026-02-24 11:06:06,915 - f:dbTipo:125 [INFO]:
BBDD "salida/php/db_in_sqlite.db" creada nuevamente
2026-02-24 11:06:06,918 - f:dbTipo:125 [INFO]:
Script sql ejecutado correctamente.
2026-02-24 11:06:06,918 - f:dbTipo:125 [INFO]:
Lectura SELECT name FROM sqlite_master WHERE type like 'table' AND name NOT LIKE 'sqlite_%' ORDER BY name; correcta
2026-02-24 11:06:06,919 - f:dbTipo:125 [INFO]:
Lectura SELECT 'alumnos' AS table_name, name AS column_name, cid + 1 AS ordinal_position, dflt_value AS column_default, CASE 'notnull' WHEN 0 THEN 'YES' ELSE 'NO' END AS is_nullable, type AS data_type, NULL AS character_maximum_length, NULL AS numeric_precision, type AS column_type, CASE pk WHEN 1 THEN 'PRI' ELSE '' END AS column_key, NULL AS column_comment FROM pragma_table_info('alumnos'); correcta
2026-02-24 11:06:06,919 - f:dbTipo:125 [INFO]:
Lectura SELECT 'calificaciones' AS table_name, name AS column_name, cid + 1 AS ordinal_position, dflt_value AS column_default, CASE 'notnull' WHEN 0 THEN 'YES' ELSE 'NO' END AS is_nullable, type AS data_type, NULL AS character_maximum_length, NULL AS numeric_precision, type AS column_type, CASE pk WHEN 1 THEN 'PRI' ELSE '' END AS column_key, NULL AS column_comment FROM pragma_table_info('calificaciones'); correcta
2026-02-24 11:06:06,923 - f:pythonSalida:47 [INFO]:
Generando CRUD para tabla alumnos...
2026-02-24 11:06:06,923 - f:pythonSalida:48 [INFO]:
DB: salida/php/db_in_sqlite.db, Tipo de salida: python
2026-02-24 11:07:33,035 - f:App:25 [INFO]:
0. Inicio del programa
2026-02-24 11:07:33,035 - f:App:141 [INFO]:
Tipo de bbdd: sqlite
2026-02-24 11:07:33,038 - f:dbTipo:125 [INFO]:
Conectando a la base de datos SQLite en '/media/homeUbuntu/luis/Documentos/cursos/fp_a_distancia/26-Python/gac/tarea2/salida/php/db_in_sqlite.db'...
2026-02-24 11:07:34,383 - f:dbTipo:125 [INFO]:
BBDD eliminada
2026-02-24 11:07:34,387 - f:dbTipo:125 [INFO]:
Conectando a la base de datos SQLite en '/media/homeUbuntu/luis/Documentos/cursos/fp_a_distancia/26-Python/gac/tarea2/salida/php/db_in_sqlite.db'...
2026-02-24 11:07:34,387 - f:dbTipo:125 [INFO]:
BBDD "salida/php/db_in_sqlite.db" creada nuevamente
2026-02-24 11:07:34,391 - f:dbTipo:125 [INFO]:
Script sql ejecutado correctamente.
2026-02-24 11:07:34,391 - f:dbTipo:125 [INFO]:
Lectura SELECT name FROM sqlite_master WHERE type like 'table' AND name NOT LIKE 'sqlite_%' ORDER BY name; correcta
2026-02-24 11:07:34,391 - f:dbTipo:125 [INFO]:
Lectura SELECT 'alumnos' AS table_name, name AS column_name, cid + 1 AS ordinal_position, dflt_value AS column_default, CASE 'notnull' WHEN 0 THEN 'YES' ELSE 'NO' END AS is_nullable, type AS data_type, NULL AS character_maximum_length, NULL AS numeric_precision, type AS column_type, CASE pk WHEN 1 THEN 'PRI' ELSE '' END AS column_key, NULL AS column_comment FROM pragma_table_info('alumnos'); correcta
2026-02-24 11:07:34,391 - f:dbTipo:125 [INFO]:
Lectura SELECT 'calificaciones' AS table_name, name AS column_name, cid + 1 AS ordinal_position, dflt_value AS column_default, CASE 'notnull' WHEN 0 THEN 'YES' ELSE 'NO' END AS is_nullable, type AS data_type, NULL AS character_maximum_length, NULL AS numeric_precision, type AS column_type, CASE pk WHEN 1 THEN 'PRI' ELSE '' END AS column_key, NULL AS column_comment FROM pragma_table_info('calificaciones'); correcta
2026-02-24 11:07:34,396 - f:pythonSalida:47 [INFO]:
Generando CRUD para tabla alumnos...
2026-02-24 11:07:34,396 - f:pythonSalida:48 [INFO]:
DB: salida/php/db_in_sqlite.db, Tipo de salida: python
2026-02-24 11:08:11,989 - f:App:25 [INFO]:
0. Inicio del programa
2026-02-24 11:08:11,989 - f:App:141 [INFO]:
Tipo de bbdd: sqlite
2026-02-24 11:08:11,991 - f:dbTipo:125 [INFO]:
Conectando a la base de datos SQLite en '/media/homeUbuntu/luis/Documentos/cursos/fp_a_distancia/26-Python/gac/tarea2/salida/php/db_in_sqlite.db'...
2026-02-24 11:08:12,726 - f:dbTipo:125 [INFO]:
BBDD eliminada
2026-02-24 11:08:12,730 - f:dbTipo:125 [INFO]:
Conectando a la base de datos SQLite en '/media/homeUbuntu/luis/Documentos/cursos/fp_a_distancia/26-Python/gac/tarea2/salida/php/db_in_sqlite.db'...
2026-02-24 11:08:12,730 - f:dbTipo:125 [INFO]:
BBDD "salida/php/db_in_sqlite.db" creada nuevamente
2026-02-24 11:08:12,734 - f:dbTipo:125 [INFO]:
Script sql ejecutado correctamente.
2026-02-24 11:08:12,734 - f:dbTipo:125 [INFO]:
Lectura SELECT name FROM sqlite_master WHERE type like 'table' AND name NOT LIKE 'sqlite_%' ORDER BY name; correcta
2026-02-24 11:08:12,734 - f:dbTipo:125 [INFO]:
Lectura SELECT 'alumnos' AS table_name, name AS column_name, cid + 1 AS ordinal_position, dflt_value AS column_default, CASE 'notnull' WHEN 0 THEN 'YES' ELSE 'NO' END AS is_nullable, type AS data_type, NULL AS character_maximum_length, NULL AS numeric_precision, type AS column_type, CASE pk WHEN 1 THEN 'PRI' ELSE '' END AS column_key, NULL AS column_comment FROM pragma_table_info('alumnos'); correcta
2026-02-24 11:08:12,734 - f:dbTipo:125 [INFO]:
Lectura SELECT 'calificaciones' AS table_name, name AS column_name, cid + 1 AS ordinal_position, dflt_value AS column_default, CASE 'notnull' WHEN 0 THEN 'YES' ELSE 'NO' END AS is_nullable, type AS data_type, NULL AS character_maximum_length, NULL AS numeric_precision, type AS column_type, CASE pk WHEN 1 THEN 'PRI' ELSE '' END AS column_key, NULL AS column_comment FROM pragma_table_info('calificaciones'); correcta
2026-02-24 11:08:12,739 - f:pythonSalida:47 [INFO]:
Generando CRUD para tabla alumnos...
2026-02-24 11:08:12,739 - f:pythonSalida:48 [INFO]:
DB: salida/php/db_in_sqlite.db, Tipo de salida: python
2026-02-24 11:08:12,740 - f:pythonSalida:47 [INFO]:
Generando CRUD para tabla calificaciones...
2026-02-24 11:08:12,740 - f:pythonSalida:48 [INFO]:
DB: salida/php/db_in_sqlite.db, Tipo de salida: python
2026-02-24 11:08:12,741 - f:utils:22 [INFO]:
Lanzar aplicación con 'py /media/homeUbuntu/luis/Documentos/cursos/fp_a_distancia/26-Python/gac/tarea2/salida/python/crud.py'
2026-02-24 11:34:35,178 - f:App:30 [INFO]:
0. Inicio del programa
2026-02-24 11:35:35,782 - f:App:30 [INFO]:
0. Inicio del programa
2026-02-24 11:35:35,783 - f:App:146 [INFO]:
Tipo de bbdd: mariadb
2026-02-24 11:35:37,321 - f:dbTipo:125 [INFO]:
Base de datos 'gac2' eliminada (si existía).
2026-02-24 11:35:37,324 - f:dbTipo:125 [INFO]:
Base de datos 'gac2' creada o ya existente.
2026-02-24 11:35:37,325 - f:dbTipo:125 [INFO]:
Cambiando a la base de datos 'gac2'...
2026-02-24 11:35:37,357 - f:dbTipo:125 [INFO]:
Script sql ejecutado correctamente.
2026-02-24 11:35:37,372 - f:pythonSalida:47 [INFO]:
Generando CRUD para tabla calificaciones...
2026-02-24 11:35:37,372 - f:pythonSalida:48 [INFO]:
DB: gac2, Tipo de salida: python
2026-02-24 11:35:37,373 - f:pythonSalida:47 [INFO]:
Generando CRUD para tabla alumnos...
2026-02-24 11:35:37,373 - f:pythonSalida:48 [INFO]:
DB: gac2, Tipo de salida: python
2026-02-24 11:35:37,374 - f:utils:22 [INFO]:
Lanzar aplicación con 'py /media/homeUbuntu/luis/Documentos/cursos/fp_a_distancia/26-Python/gac/tarea2/salida/python/crud.py'
2026-02-24 11:55:31,219 - f:App:30 [INFO]:
0. Inicio del programa
2026-02-24 11:55:31,220 - f:App:146 [INFO]:
Tipo de bbdd: mariadb
2026-02-24 11:55:32,793 - f:dbTipo:125 [INFO]:
Base de datos 'gac2' eliminada (si existía).
2026-02-24 11:55:32,793 - f:dbTipo:125 [INFO]:
Base de datos 'gac2' creada o ya existente.
2026-02-24 11:55:32,794 - f:dbTipo:125 [INFO]:
Cambiando a la base de datos 'gac2'...
2026-02-24 11:55:32,820 - f:dbTipo:125 [INFO]:
Script sql ejecutado correctamente.
2026-02-24 11:55:32,828 - f:pythonSalida:47 [INFO]:
Generando CRUD para tabla calificaciones...
2026-02-24 11:55:32,828 - f:pythonSalida:48 [INFO]:
DB: gac2, Tipo de salida: python
2026-02-24 11:55:32,829 - f:pythonSalida:47 [INFO]:
Generando CRUD para tabla alumnos...
2026-02-24 11:55:32,829 - f:pythonSalida:48 [INFO]:
DB: gac2, Tipo de salida: python
2026-02-24 11:55:32,830 - f:utils:22 [INFO]:
Lanzar aplicación con 'py /media/homeUbuntu/luis/Documentos/cursos/fp_a_distancia/26-Python/gac/tarea2/salida/python/crud.py'
2026-02-24 11:57:23,778 - f:App:30 [INFO]:
0. Inicio del programa
2026-02-24 11:57:23,778 - f:App:146 [INFO]:
Tipo de bbdd: mariadb
2026-02-24 11:57:25,115 - f:dbTipo:125 [INFO]:
Base de datos 'gac2' eliminada (si existía).
2026-02-24 11:57:25,115 - f:dbTipo:125 [INFO]:
Base de datos 'gac2' creada o ya existente.
2026-02-24 11:57:25,115 - f:dbTipo:125 [INFO]:
Cambiando a la base de datos 'gac2'...
2026-02-24 11:57:25,143 - f:dbTipo:125 [INFO]:
Script sql ejecutado correctamente.
2026-02-24 11:57:25,145 - f:pythonSalida:47 [INFO]:
Generando CRUD para tabla calificaciones...
2026-02-24 11:57:25,145 - f:pythonSalida:48 [INFO]:
DB: gac2, Tipo de salida: python
2026-02-24 11:57:25,147 - f:pythonSalida:47 [INFO]:
Generando CRUD para tabla alumnos...
2026-02-24 11:57:25,147 - f:pythonSalida:48 [INFO]:
DB: gac2, Tipo de salida: python
2026-02-24 11:57:25,148 - f:utils:22 [INFO]:
Lanzar aplicación con 'py /media/homeUbuntu/luis/Documentos/cursos/fp_a_distancia/26-Python/gac/tarea2/salida/python/crud.py'
2026-02-24 12:01:30,982 - f:App:30 [INFO]:
0. Inicio del programa
2026-02-24 12:01:30,982 - f:App:146 [INFO]:
Tipo de bbdd: mariadb
2026-02-24 12:01:32,365 - f:dbTipo:125 [INFO]:
Base de datos 'gac2' eliminada (si existía).
2026-02-24 12:01:32,366 - f:dbTipo:125 [INFO]:
Base de datos 'gac2' creada o ya existente.
2026-02-24 12:01:32,366 - f:dbTipo:125 [INFO]:
Cambiando a la base de datos 'gac2'...
2026-02-24 12:01:32,392 - f:dbTipo:125 [INFO]:
Script sql ejecutado correctamente.
2026-02-24 12:01:32,395 - f:pythonSalida:47 [INFO]:
Generando CRUD para tabla calificaciones...
2026-02-24 12:01:32,395 - f:pythonSalida:48 [INFO]:
DB: gac2, Tipo de salida: python
2026-02-24 12:01:32,396 - f:pythonSalida:47 [INFO]:
Generando CRUD para tabla alumnos...
2026-02-24 12:01:32,396 - f:pythonSalida:48 [INFO]:
DB: gac2, Tipo de salida: python
2026-02-24 12:01:32,397 - f:utils:22 [INFO]:
Lanzar aplicación con 'py /media/homeUbuntu/luis/Documentos/cursos/fp_a_distancia/26-Python/gac/tarea2/salida/python/crud.py'
2026-02-24 12:04:12,802 - f:App:30 [INFO]:
0. Inicio del programa
2026-02-24 12:04:12,803 - f:App:146 [INFO]:
Tipo de bbdd: mariadb
2026-02-24 12:04:14,119 - f:dbTipo:125 [INFO]:
Base de datos 'gac2' eliminada (si existía).
2026-02-24 12:04:14,119 - f:dbTipo:125 [INFO]:
Base de datos 'gac2' creada o ya existente.
2026-02-24 12:04:14,120 - f:dbTipo:125 [INFO]:
Cambiando a la base de datos 'gac2'...
2026-02-24 12:04:14,144 - f:dbTipo:125 [INFO]:
Script sql ejecutado correctamente.
2026-02-24 12:04:14,146 - f:pythonSalida:47 [INFO]:
Generando CRUD para tabla calificaciones...
2026-02-24 12:04:14,147 - f:pythonSalida:48 [INFO]:
DB: gac2, Tipo de salida: python
2026-02-24 12:04:14,148 - f:pythonSalida:47 [INFO]:
Generando CRUD para tabla alumnos...
2026-02-24 12:04:14,148 - f:pythonSalida:48 [INFO]:
DB: gac2, Tipo de salida: python
2026-02-24 12:04:14,149 - f:utils:22 [INFO]:
Lanzar aplicación con 'py /media/homeUbuntu/luis/Documentos/cursos/fp_a_distancia/26-Python/gac/tarea2/salida/python/crud.py'
2026-02-24 12:04:44,998 - f:App:30 [INFO]:
0. Inicio del programa
2026-02-24 12:04:45,005 - f:App:146 [INFO]:
Tipo de bbdd: sqlite
2026-02-24 12:04:45,011 - f:dbTipo:125 [INFO]:
Conectando a la base de datos SQLite en '/media/homeUbuntu/luis/Documentos/cursos/fp_a_distancia/26-Python/gac/tarea2/salida/php/db_in_sqlite.db'...
2026-02-24 12:04:50,401 - f:dbTipo:125 [INFO]:
BBDD eliminada
2026-02-24 12:04:50,401 - f:dbTipo:125 [INFO]:
Conectando a la base de datos SQLite en '/media/homeUbuntu/luis/Documentos/cursos/fp_a_distancia/26-Python/gac/tarea2/salida/php/db_in_sqlite.db'...
2026-02-24 12:04:50,401 - f:dbTipo:125 [INFO]:
BBDD "salida/php/db_in_sqlite.db" creada nuevamente
2026-02-24 12:04:50,412 - f:dbTipo:125 [INFO]:
Script sql ejecutado correctamente.
2026-02-24 12:04:50,412 - f:dbTipo:125 [INFO]:
Lectura SELECT name FROM sqlite_master WHERE type like 'table' AND name NOT LIKE 'sqlite_%' ORDER BY name; correcta
2026-02-24 12:04:50,412 - f:dbTipo:125 [INFO]:
Lectura SELECT 'alumnos' AS table_name, name AS column_name, cid + 1 AS ordinal_position, dflt_value AS column_default, CASE 'notnull' WHEN 0 THEN 'YES' ELSE 'NO' END AS is_nullable, type AS data_type, NULL AS character_maximum_length, NULL AS numeric_precision, type AS column_type, CASE pk WHEN 1 THEN 'PRI' ELSE '' END AS column_key, NULL AS column_comment FROM pragma_table_info('alumnos'); correcta
2026-02-24 12:04:50,413 - f:dbTipo:125 [INFO]:
Lectura SELECT 'calificaciones' AS table_name, name AS column_name, cid + 1 AS ordinal_position, dflt_value AS column_default, CASE 'notnull' WHEN 0 THEN 'YES' ELSE 'NO' END AS is_nullable, type AS data_type, NULL AS character_maximum_length, NULL AS numeric_precision, type AS column_type, CASE pk WHEN 1 THEN 'PRI' ELSE '' END AS column_key, NULL AS column_comment FROM pragma_table_info('calificaciones'); correcta
2026-02-24 12:04:50,415 - f:pythonSalida:47 [INFO]:
Generando CRUD para tabla alumnos...
2026-02-24 12:04:50,415 - f:pythonSalida:48 [INFO]:
DB: salida/php/db_in_sqlite.db, Tipo de salida: python
2026-02-24 12:04:50,416 - f:pythonSalida:47 [INFO]:
Generando CRUD para tabla calificaciones...
2026-02-24 12:04:50,416 - f:pythonSalida:48 [INFO]:
DB: salida/php/db_in_sqlite.db, Tipo de salida: python
2026-02-24 12:04:50,417 - f:utils:22 [INFO]:
Lanzar aplicación con 'py /media/homeUbuntu/luis/Documentos/cursos/fp_a_distancia/26-Python/gac/tarea2/salida/python/crud.py'
2026-02-24 12:06:06,988 - f:App:30 [INFO]:
0. Inicio del programa
2026-02-24 12:06:06,988 - f:App:146 [INFO]:
Tipo de bbdd: sqlite
2026-02-24 12:06:06,990 - f:dbTipo:125 [INFO]:
Conectando a la base de datos SQLite en '/media/homeUbuntu/luis/Documentos/cursos/fp_a_distancia/26-Python/gac/tarea2/salida/php/db_in_sqlite.db'...
2026-02-24 12:06:08,901 - f:dbTipo:125 [INFO]:
BBDD eliminada
2026-02-24 12:06:08,901 - f:dbTipo:125 [INFO]:
Conectando a la base de datos SQLite en '/media/homeUbuntu/luis/Documentos/cursos/fp_a_distancia/26-Python/gac/tarea2/salida/php/db_in_sqlite.db'...
2026-02-24 12:06:08,901 - f:dbTipo:125 [INFO]:
BBDD "salida/php/db_in_sqlite.db" creada nuevamente
2026-02-24 12:06:08,912 - f:dbTipo:125 [INFO]:
Script sql ejecutado correctamente.
2026-02-24 12:06:08,913 - f:dbTipo:125 [INFO]:
Lectura SELECT name FROM sqlite_master WHERE type like 'table' AND name NOT LIKE 'sqlite_%' ORDER BY name; correcta
2026-02-24 12:06:08,913 - f:dbTipo:125 [INFO]:
Lectura SELECT 'alumnos' AS table_name, name AS column_name, cid + 1 AS ordinal_position, dflt_value AS column_default, CASE 'notnull' WHEN 0 THEN 'YES' ELSE 'NO' END AS is_nullable, type AS data_type, NULL AS character_maximum_length, NULL AS numeric_precision, type AS column_type, CASE pk WHEN 1 THEN 'PRI' ELSE '' END AS column_key, NULL AS column_comment FROM pragma_table_info('alumnos'); correcta
2026-02-24 12:06:08,913 - f:dbTipo:125 [INFO]:
Lectura SELECT 'calificaciones' AS table_name, name AS column_name, cid + 1 AS ordinal_position, dflt_value AS column_default, CASE 'notnull' WHEN 0 THEN 'YES' ELSE 'NO' END AS is_nullable, type AS data_type, NULL AS character_maximum_length, NULL AS numeric_precision, type AS column_type, CASE pk WHEN 1 THEN 'PRI' ELSE '' END AS column_key, NULL AS column_comment FROM pragma_table_info('calificaciones'); correcta
2026-02-24 12:06:08,915 - f:pythonSalida:47 [INFO]:
Generando CRUD para tabla alumnos...
2026-02-24 12:06:08,915 - f:pythonSalida:48 [INFO]:
DB: salida/php/db_in_sqlite.db, Tipo de salida: python
2026-02-24 12:06:08,916 - f:pythonSalida:47 [INFO]:
Generando CRUD para tabla calificaciones...
2026-02-24 12:06:08,916 - f:pythonSalida:48 [INFO]:
DB: salida/php/db_in_sqlite.db, Tipo de salida: python
2026-02-24 12:06:08,917 - f:utils:22 [INFO]:
Lanzar aplicación con 'py /media/homeUbuntu/luis/Documentos/cursos/fp_a_distancia/26-Python/gac/tarea2/salida/python/crud.py'
2026-02-25 07:38:51,526 - f:App:30 [INFO]:
0. Inicio del programa
2026-02-25 07:38:59,954 - f:App:30 [INFO]:
0. Inicio del programa
2026-02-25 07:38:59,961 - f:App:146 [INFO]:
Tipo de bbdd: mariadb
2026-02-25 07:39:10,721 - f:dbTipo:125 [INFO]:
Base de datos 'gac2' eliminada (si existía).
2026-02-25 07:39:10,722 - f:dbTipo:125 [INFO]:
Base de datos 'gac2' creada o ya existente.
2026-02-25 07:39:10,722 - f:dbTipo:125 [INFO]:
Cambiando a la base de datos 'gac2'...
2026-02-25 07:39:10,750 - f:dbTipo:125 [INFO]:
Script sql ejecutado correctamente.
2026-02-25 07:39:12,895 - f:pythonSalida:47 [INFO]:
Generando CRUD para tabla calificaciones...
2026-02-25 07:39:12,895 - f:pythonSalida:48 [INFO]:
DB: gac2, Tipo de salida: python
2026-02-25 07:39:12,896 - f:pythonSalida:47 [INFO]:
Generando CRUD para tabla alumnos...
2026-02-25 07:39:12,896 - f:pythonSalida:48 [INFO]:
DB: gac2, Tipo de salida: python
2026-02-25 07:39:12,897 - f:utils:22 [INFO]:
Lanzar aplicación con 'py /media/homeUbuntu/luis/Documentos/cursos/fp_a_distancia/26-Python/gac/tarea2/salida/python/crud.py'
2026-02-25 07:39:56,474 - f:App:30 [INFO]:
0. Inicio del programa
2026-02-25 07:39:56,481 - f:App:146 [INFO]:
Tipo de bbdd: sqlite
2026-02-25 07:39:56,486 - f:dbTipo:125 [INFO]:
Conectando a la base de datos SQLite en '/media/homeUbuntu/luis/Documentos/cursos/fp_a_distancia/26-Python/gac/tarea2/salida/php/db_in_sqlite.db'...
2026-02-25 07:39:58,040 - f:dbTipo:125 [INFO]:
BBDD eliminada
2026-02-25 07:39:58,040 - f:dbTipo:125 [INFO]:
Conectando a la base de datos SQLite en '/media/homeUbuntu/luis/Documentos/cursos/fp_a_distancia/26-Python/gac/tarea2/salida/php/db_in_sqlite.db'...
2026-02-25 07:39:58,040 - f:dbTipo:125 [INFO]:
BBDD "salida/php/db_in_sqlite.db" creada nuevamente
2026-02-25 07:39:58,049 - f:dbTipo:125 [INFO]:
Script sql ejecutado correctamente.
2026-02-25 07:39:58,049 - f:dbTipo:125 [INFO]:
Lectura SELECT name FROM sqlite_master WHERE type like 'table' AND name NOT LIKE 'sqlite_%' ORDER BY name; correcta
2026-02-25 07:39:58,049 - f:dbTipo:125 [INFO]:
Lectura SELECT 'alumnos' AS table_name, name AS column_name, cid + 1 AS ordinal_position, dflt_value AS column_default, CASE 'notnull' WHEN 0 THEN 'YES' ELSE 'NO' END AS is_nullable, type AS data_type, NULL AS character_maximum_length, NULL AS numeric_precision, type AS column_type, CASE pk WHEN 1 THEN 'PRI' ELSE '' END AS column_key, NULL AS column_comment FROM pragma_table_info('alumnos'); correcta
2026-02-25 07:39:58,049 - f:dbTipo:125 [INFO]:
Lectura SELECT 'calificaciones' AS table_name, name AS column_name, cid + 1 AS ordinal_position, dflt_value AS column_default, CASE 'notnull' WHEN 0 THEN 'YES' ELSE 'NO' END AS is_nullable, type AS data_type, NULL AS character_maximum_length, NULL AS numeric_precision, type AS column_type, CASE pk WHEN 1 THEN 'PRI' ELSE '' END AS column_key, NULL AS column_comment FROM pragma_table_info('calificaciones'); correcta
2026-02-25 07:40:00,554 - f:utils:22 [INFO]:
Aplicación funcionando en http://localhost:8080
2026-02-25 08:01:44,912 - f:App:53 [INFO]:
0. Inicio del programa
2026-02-25 08:01:44,912 - f:App:170 [INFO]:
Tipo de bbdd: sqlite
2026-02-25 08:01:44,915 - f:dbTipo:125 [INFO]:
Conectando a la base de datos SQLite en '/media/homeUbuntu/luis/Documentos/cursos/fp_a_distancia/26-Python/gac/tarea2/salida/php/db_in_sqlite.db'...
2026-02-25 08:01:50,919 - f:dbTipo:125 [INFO]:
BBDD eliminada
2026-02-25 08:01:50,919 - f:dbTipo:125 [INFO]:
Conectando a la base de datos SQLite en '/media/homeUbuntu/luis/Documentos/cursos/fp_a_distancia/26-Python/gac/tarea2/salida/php/db_in_sqlite.db'...
2026-02-25 08:01:50,919 - f:dbTipo:125 [INFO]:
BBDD "salida/php/db_in_sqlite.db" creada nuevamente
2026-02-25 08:01:50,928 - f:dbTipo:125 [INFO]:
Script sql ejecutado correctamente.
2026-02-25 08:01:50,929 - f:dbTipo:125 [INFO]:
Lectura SELECT name FROM sqlite_master WHERE type like 'table' AND name NOT LIKE 'sqlite_%' ORDER BY name; correcta
2026-02-25 08:01:50,929 - f:dbTipo:125 [INFO]:
Lectura SELECT 'alumnos' AS table_name, name AS column_name, cid + 1 AS ordinal_position, dflt_value AS column_default, CASE 'notnull' WHEN 0 THEN 'YES' ELSE 'NO' END AS is_nullable, type AS data_type, NULL AS character_maximum_length, NULL AS numeric_precision, type AS column_type, CASE pk WHEN 1 THEN 'PRI' ELSE '' END AS column_key, NULL AS column_comment FROM pragma_table_info('alumnos'); correcta
2026-02-25 08:01:50,929 - f:dbTipo:125 [INFO]:
Lectura SELECT 'calificaciones' AS table_name, name AS column_name, cid + 1 AS ordinal_position, dflt_value AS column_default, CASE 'notnull' WHEN 0 THEN 'YES' ELSE 'NO' END AS is_nullable, type AS data_type, NULL AS character_maximum_length, NULL AS numeric_precision, type AS column_type, CASE pk WHEN 1 THEN 'PRI' ELSE '' END AS column_key, NULL AS column_comment FROM pragma_table_info('calificaciones'); correcta
2026-02-25 08:01:52,886 - f:utils:22 [INFO]:
Aplicación funcionando en http://localhost:8080 
        Verifica que tu servidor web local está corriendo mediante el contenedor docker facilitado.
        En caso contrario puedes lanzarlo desde cli mediante el comando `docker compose up -d`.
2026-02-25 08:02:59,589 - f:App:53 [INFO]:
0. Inicio del programa
2026-02-25 08:02:59,590 - f:App:170 [INFO]:
Tipo de bbdd: sqlite
2026-02-25 08:02:59,592 - f:dbTipo:125 [INFO]:
Conectando a la base de datos SQLite en '/media/homeUbuntu/luis/Documentos/cursos/fp_a_distancia/26-Python/gac/tarea2/salida/php/db_in_sqlite.db'...
2026-02-25 08:03:01,320 - f:dbTipo:125 [INFO]:
BBDD eliminada
2026-02-25 08:03:01,320 - f:dbTipo:125 [INFO]:
Conectando a la base de datos SQLite en '/media/homeUbuntu/luis/Documentos/cursos/fp_a_distancia/26-Python/gac/tarea2/salida/php/db_in_sqlite.db'...
2026-02-25 08:03:01,320 - f:dbTipo:125 [INFO]:
BBDD "salida/php/db_in_sqlite.db" creada nuevamente
2026-02-25 08:03:01,328 - f:dbTipo:125 [INFO]:
Script sql ejecutado correctamente.
2026-02-25 08:03:01,329 - f:dbTipo:125 [INFO]:
Lectura SELECT name FROM sqlite_master WHERE type like 'table' AND name NOT LIKE 'sqlite_%' ORDER BY name; correcta
2026-02-25 08:03:01,329 - f:dbTipo:125 [INFO]:
Lectura SELECT 'alumnos' AS table_name, name AS column_name, cid + 1 AS ordinal_position, dflt_value AS column_default, CASE 'notnull' WHEN 0 THEN 'YES' ELSE 'NO' END AS is_nullable, type AS data_type, NULL AS character_maximum_length, NULL AS numeric_precision, type AS column_type, CASE pk WHEN 1 THEN 'PRI' ELSE '' END AS column_key, NULL AS column_comment FROM pragma_table_info('alumnos'); correcta
2026-02-25 08:03:01,329 - f:dbTipo:125 [INFO]:
Lectura SELECT 'calificaciones' AS table_name, name AS column_name, cid + 1 AS ordinal_position, dflt_value AS column_default, CASE 'notnull' WHEN 0 THEN 'YES' ELSE 'NO' END AS is_nullable, type AS data_type, NULL AS character_maximum_length, NULL AS numeric_precision, type AS column_type, CASE pk WHEN 1 THEN 'PRI' ELSE '' END AS column_key, NULL AS column_comment FROM pragma_table_info('calificaciones'); correcta
2026-02-25 08:03:03,414 - f:utils:22 [INFO]:
Aplicación funcionando en http://localhost:8080
        
        ***********************************************************************************************
        * Verifica que tu servidor web local está corriendo mediante el contenedor docker facilitado. *
        * En caso contrario puedes lanzarlo desde cli mediante el comando `docker compose up -d`.     *
        ***********************************************************************************************
        
2026-02-25 08:04:37,163 - f:App:53 [INFO]:
0. Inicio del programa
2026-02-25 08:04:37,164 - f:App:170 [INFO]:
Tipo de bbdd: sqlite
2026-02-25 08:04:37,166 - f:dbTipo:125 [INFO]:
Conectando a la base de datos SQLite en '/media/homeUbuntu/luis/Documentos/cursos/fp_a_distancia/26-Python/gac/tarea2/salida/php/db_in_sqlite.db'...
2026-02-25 08:04:38,847 - f:dbTipo:125 [INFO]:
BBDD eliminada
2026-02-25 08:04:38,847 - f:dbTipo:125 [INFO]:
Conectando a la base de datos SQLite en '/media/homeUbuntu/luis/Documentos/cursos/fp_a_distancia/26-Python/gac/tarea2/salida/php/db_in_sqlite.db'...
2026-02-25 08:04:38,847 - f:dbTipo:125 [INFO]:
BBDD "salida/php/db_in_sqlite.db" creada nuevamente
2026-02-25 08:04:38,856 - f:dbTipo:125 [INFO]:
Script sql ejecutado correctamente.
2026-02-25 08:04:38,856 - f:dbTipo:125 [INFO]:
Lectura SELECT name FROM sqlite_master WHERE type like 'table' AND name NOT LIKE 'sqlite_%' ORDER BY name; correcta
2026-02-25 08:04:38,857 - f:dbTipo:125 [INFO]:
Lectura SELECT 'alumnos' AS table_name, name AS column_name, cid + 1 AS ordinal_position, dflt_value AS column_default, CASE 'notnull' WHEN 0 THEN 'YES' ELSE 'NO' END AS is_nullable, type AS data_type, NULL AS character_maximum_length, NULL AS numeric_precision, type AS column_type, CASE pk WHEN 1 THEN 'PRI' ELSE '' END AS column_key, NULL AS column_comment FROM pragma_table_info('alumnos'); correcta
2026-02-25 08:04:38,857 - f:dbTipo:125 [INFO]:
Lectura SELECT 'calificaciones' AS table_name, name AS column_name, cid + 1 AS ordinal_position, dflt_value AS column_default, CASE 'notnull' WHEN 0 THEN 'YES' ELSE 'NO' END AS is_nullable, type AS data_type, NULL AS character_maximum_length, NULL AS numeric_precision, type AS column_type, CASE pk WHEN 1 THEN 'PRI' ELSE '' END AS column_key, NULL AS column_comment FROM pragma_table_info('calificaciones'); correcta
2026-02-25 08:04:40,930 - f:pythonSalida:47 [INFO]:
Generando CRUD para tabla alumnos...
2026-02-25 08:04:40,930 - f:pythonSalida:48 [INFO]:
DB: salida/php/db_in_sqlite.db, Tipo de salida: python
2026-02-25 08:04:40,931 - f:pythonSalida:47 [INFO]:
Generando CRUD para tabla calificaciones...
2026-02-25 08:04:40,931 - f:pythonSalida:48 [INFO]:
DB: salida/php/db_in_sqlite.db, Tipo de salida: python
2026-02-25 08:04:40,935 - f:utils:22 [INFO]:
Lanzar aplicación con 'py /media/homeUbuntu/luis/Documentos/cursos/fp_a_distancia/26-Python/gac/tarea2/salida/python/crud.py'
2026-02-25 08:07:16,649 - f:App:53 [INFO]:
0. Inicio del programa
2026-02-25 08:07:16,650 - f:App:170 [INFO]:
Tipo de bbdd: sqlite
2026-02-25 08:07:16,652 - f:dbTipo:125 [INFO]:
Conectando a la base de datos SQLite en '/media/homeUbuntu/luis/Documentos/cursos/fp_a_distancia/26-Python/gac/tarea2/salida/php/db_in_sqlite.db'...
2026-02-25 08:07:18,012 - f:dbTipo:125 [INFO]:
BBDD eliminada
2026-02-25 08:07:18,012 - f:dbTipo:125 [INFO]:
Conectando a la base de datos SQLite en '/media/homeUbuntu/luis/Documentos/cursos/fp_a_distancia/26-Python/gac/tarea2/salida/php/db_in_sqlite.db'...
2026-02-25 08:07:18,012 - f:dbTipo:125 [INFO]:
BBDD "salida/php/db_in_sqlite.db" creada nuevamente
2026-02-25 08:07:18,021 - f:dbTipo:125 [INFO]:
Script sql ejecutado correctamente.
2026-02-25 08:07:18,021 - f:dbTipo:125 [INFO]:
Lectura SELECT name FROM sqlite_master WHERE type like 'table' AND name NOT LIKE 'sqlite_%' ORDER BY name; correcta
2026-02-25 08:07:18,021 - f:dbTipo:125 [INFO]:
Lectura SELECT 'alumnos' AS table_name, name AS column_name, cid + 1 AS ordinal_position, dflt_value AS column_default, CASE 'notnull' WHEN 0 THEN 'YES' ELSE 'NO' END AS is_nullable, type AS data_type, NULL AS character_maximum_length, NULL AS numeric_precision, type AS column_type, CASE pk WHEN 1 THEN 'PRI' ELSE '' END AS column_key, NULL AS column_comment FROM pragma_table_info('alumnos'); correcta
2026-02-25 08:07:18,022 - f:dbTipo:125 [INFO]:
Lectura SELECT 'calificaciones' AS table_name, name AS column_name, cid + 1 AS ordinal_position, dflt_value AS column_default, CASE 'notnull' WHEN 0 THEN 'YES' ELSE 'NO' END AS is_nullable, type AS data_type, NULL AS character_maximum_length, NULL AS numeric_precision, type AS column_type, CASE pk WHEN 1 THEN 'PRI' ELSE '' END AS column_key, NULL AS column_comment FROM pragma_table_info('calificaciones'); correcta
2026-02-25 08:07:21,218 - f:pythonSalida:47 [INFO]:
Generando CRUD para tabla alumnos...
2026-02-25 08:07:21,218 - f:pythonSalida:48 [INFO]:
DB: salida/php/db_in_sqlite.db, Tipo de salida: python
2026-02-25 08:07:21,220 - f:pythonSalida:47 [INFO]:
Generando CRUD para tabla calificaciones...
2026-02-25 08:07:21,220 - f:pythonSalida:48 [INFO]:
DB: salida/php/db_in_sqlite.db, Tipo de salida: python
2026-02-25 08:07:21,221 - f:utils:22 [INFO]:
Lanzar aplicación con 'py /media/homeUbuntu/luis/Documentos/cursos/fp_a_distancia/26-Python/gac/tarea2/salida/python/crud.py'
2026-02-25 08:10:15,251 - f:App:53 [INFO]:
0. Inicio del programa
2026-02-25 08:10:15,252 - f:App:170 [INFO]:
Tipo de bbdd: sqlite
2026-02-25 08:10:15,256 - f:dbTipo:125 [INFO]:
Conectando a la base de datos SQLite en '/media/homeUbuntu/luis/Documentos/cursos/fp_a_distancia/26-Python/gac/tarea2/salida/php/db_in_sqlite.db'...
2026-02-25 08:10:16,258 - f:dbTipo:125 [INFO]:
BBDD eliminada
2026-02-25 08:10:16,258 - f:dbTipo:125 [INFO]:
Conectando a la base de datos SQLite en '/media/homeUbuntu/luis/Documentos/cursos/fp_a_distancia/26-Python/gac/tarea2/salida/php/db_in_sqlite.db'...
2026-02-25 08:10:16,258 - f:dbTipo:125 [INFO]:
BBDD "salida/php/db_in_sqlite.db" creada nuevamente
2026-02-25 08:10:16,267 - f:dbTipo:125 [INFO]:
Script sql ejecutado correctamente.
2026-02-25 08:10:16,267 - f:dbTipo:125 [INFO]:
Lectura SELECT name FROM sqlite_master WHERE type like 'table' AND name NOT LIKE 'sqlite_%' ORDER BY name; correcta
2026-02-25 08:10:16,268 - f:dbTipo:125 [INFO]:
Lectura SELECT 'alumnos' AS table_name, name AS column_name, cid + 1 AS ordinal_position, dflt_value AS column_default, CASE 'notnull' WHEN 0 THEN 'YES' ELSE 'NO' END AS is_nullable, type AS data_type, NULL AS character_maximum_length, NULL AS numeric_precision, type AS column_type, CASE pk WHEN 1 THEN 'PRI' ELSE '' END AS column_key, NULL AS column_comment FROM pragma_table_info('alumnos'); correcta
2026-02-25 08:10:16,268 - f:dbTipo:125 [INFO]:
Lectura SELECT 'calificaciones' AS table_name, name AS column_name, cid + 1 AS ordinal_position, dflt_value AS column_default, CASE 'notnull' WHEN 0 THEN 'YES' ELSE 'NO' END AS is_nullable, type AS data_type, NULL AS character_maximum_length, NULL AS numeric_precision, type AS column_type, CASE pk WHEN 1 THEN 'PRI' ELSE '' END AS column_key, NULL AS column_comment FROM pragma_table_info('calificaciones'); correcta
2026-02-25 08:10:18,068 - f:pythonSalida:47 [INFO]:
Generando CRUD para tabla alumnos...
2026-02-25 08:10:18,068 - f:pythonSalida:48 [INFO]:
DB: salida/php/db_in_sqlite.db, Tipo de salida: python
2026-02-25 08:10:18,069 - f:pythonSalida:47 [INFO]:
Generando CRUD para tabla calificaciones...
2026-02-25 08:10:18,069 - f:pythonSalida:48 [INFO]:
DB: salida/php/db_in_sqlite.db, Tipo de salida: python
2026-02-25 08:10:18,074 - f:utils:22 [INFO]:
Lanzar aplicación con 'py /media/homeUbuntu/luis/Documentos/cursos/fp_a_distancia/26-Python/gac/tarea2/salida/python/crud.py'
2026-02-25 08:10:22,262 - f:App:53 [INFO]:
0. Inicio del programa
2026-02-25 08:10:22,262 - f:App:170 [INFO]:
Tipo de bbdd: sqlite
2026-02-25 08:10:22,265 - f:dbTipo:125 [INFO]:
Conectando a la base de datos SQLite en '/media/homeUbuntu/luis/Documentos/cursos/fp_a_distancia/26-Python/gac/tarea2/salida/php/db_in_sqlite.db'...
2026-02-25 08:10:23,696 - f:dbTipo:125 [INFO]:
BBDD eliminada
2026-02-25 08:10:23,696 - f:dbTipo:125 [INFO]:
Conectando a la base de datos SQLite en '/media/homeUbuntu/luis/Documentos/cursos/fp_a_distancia/26-Python/gac/tarea2/salida/php/db_in_sqlite.db'...
2026-02-25 08:10:23,697 - f:dbTipo:125 [INFO]:
BBDD "salida/php/db_in_sqlite.db" creada nuevamente
2026-02-25 08:10:23,705 - f:dbTipo:125 [INFO]:
Script sql ejecutado correctamente.
2026-02-25 08:10:23,705 - f:dbTipo:125 [INFO]:
Lectura SELECT name FROM sqlite_master WHERE type like 'table' AND name NOT LIKE 'sqlite_%' ORDER BY name; correcta
2026-02-25 08:10:23,706 - f:dbTipo:125 [INFO]:
Lectura SELECT 'alumnos' AS table_name, name AS column_name, cid + 1 AS ordinal_position, dflt_value AS column_default, CASE 'notnull' WHEN 0 THEN 'YES' ELSE 'NO' END AS is_nullable, type AS data_type, NULL AS character_maximum_length, NULL AS numeric_precision, type AS column_type, CASE pk WHEN 1 THEN 'PRI' ELSE '' END AS column_key, NULL AS column_comment FROM pragma_table_info('alumnos'); correcta
2026-02-25 08:10:23,706 - f:dbTipo:125 [INFO]:
Lectura SELECT 'calificaciones' AS table_name, name AS column_name, cid + 1 AS ordinal_position, dflt_value AS column_default, CASE 'notnull' WHEN 0 THEN 'YES' ELSE 'NO' END AS is_nullable, type AS data_type, NULL AS character_maximum_length, NULL AS numeric_precision, type AS column_type, CASE pk WHEN 1 THEN 'PRI' ELSE '' END AS column_key, NULL AS column_comment FROM pragma_table_info('calificaciones'); correcta
2026-02-25 08:10:23,709 - f:pythonSalida:47 [INFO]:
Generando CRUD para tabla alumnos...
2026-02-25 08:10:23,710 - f:pythonSalida:48 [INFO]:
DB: salida/php/db_in_sqlite.db, Tipo de salida: python
2026-02-25 08:10:23,711 - f:pythonSalida:47 [INFO]:
Generando CRUD para tabla calificaciones...
2026-02-25 08:10:23,711 - f:pythonSalida:48 [INFO]:
DB: salida/php/db_in_sqlite.db, Tipo de salida: python
2026-02-25 08:10:23,712 - f:utils:22 [INFO]:
Lanzar aplicación con 'py /media/homeUbuntu/luis/Documentos/cursos/fp_a_distancia/26-Python/gac/tarea2/salida/python/crud.py'
2026-02-25 08:18:08,660 - f:App:53 [INFO]:
0. Inicio del programa
2026-02-25 08:18:08,660 - f:App:170 [INFO]:
Tipo de bbdd: sqlite
2026-02-25 08:18:08,663 - f:dbTipo:125 [INFO]:
Conectando a la base de datos SQLite en '/media/homeUbuntu/luis/Documentos/cursos/fp_a_distancia/26-Python/gac/tarea2/salida/php/db_in_sqlite.db'...
2026-02-25 08:18:09,868 - f:dbTipo:125 [INFO]:
BBDD eliminada
2026-02-25 08:18:09,868 - f:dbTipo:125 [INFO]:
Conectando a la base de datos SQLite en '/media/homeUbuntu/luis/Documentos/cursos/fp_a_distancia/26-Python/gac/tarea2/salida/php/db_in_sqlite.db'...
2026-02-25 08:18:09,868 - f:dbTipo:125 [INFO]:
BBDD "salida/php/db_in_sqlite.db" creada nuevamente
2026-02-25 08:18:09,877 - f:dbTipo:125 [INFO]:
Script sql ejecutado correctamente.
2026-02-25 08:18:09,877 - f:dbTipo:125 [INFO]:
Lectura SELECT name FROM sqlite_master WHERE type like 'table' AND name NOT LIKE 'sqlite_%' ORDER BY name; correcta
2026-02-25 08:18:09,877 - f:dbTipo:125 [INFO]:
Lectura SELECT 'alumnos' AS table_name, name AS column_name, cid + 1 AS ordinal_position, dflt_value AS column_default, CASE 'notnull' WHEN 0 THEN 'YES' ELSE 'NO' END AS is_nullable, type AS data_type, NULL AS character_maximum_length, NULL AS numeric_precision, type AS column_type, CASE pk WHEN 1 THEN 'PRI' ELSE '' END AS column_key, NULL AS column_comment FROM pragma_table_info('alumnos'); correcta
2026-02-25 08:18:09,877 - f:dbTipo:125 [INFO]:
Lectura SELECT 'calificaciones' AS table_name, name AS column_name, cid + 1 AS ordinal_position, dflt_value AS column_default, CASE 'notnull' WHEN 0 THEN 'YES' ELSE 'NO' END AS is_nullable, type AS data_type, NULL AS character_maximum_length, NULL AS numeric_precision, type AS column_type, CASE pk WHEN 1 THEN 'PRI' ELSE '' END AS column_key, NULL AS column_comment FROM pragma_table_info('calificaciones'); correcta
2026-02-25 08:18:09,881 - f:pythonSalida:47 [INFO]:
Generando CRUD para tabla alumnos...
2026-02-25 08:18:09,881 - f:pythonSalida:48 [INFO]:
DB: salida/php/db_in_sqlite.db, Tipo de salida: python
2026-02-25 08:18:09,882 - f:pythonSalida:47 [INFO]:
Generando CRUD para tabla calificaciones...
2026-02-25 08:18:09,882 - f:pythonSalida:48 [INFO]:
DB: salida/php/db_in_sqlite.db, Tipo de salida: python
2026-02-25 08:18:09,883 - f:utils:22 [INFO]:
Lanzar aplicación con 'py /media/homeUbuntu/luis/Documentos/cursos/fp_a_distancia/26-Python/gac/tarea2/salida/python/crud.py'
2026-02-25 08:20:16,956 - f:App:53 [INFO]:
0. Inicio del programa
2026-02-25 08:20:16,957 - f:App:170 [INFO]:
Tipo de bbdd: sqlite
2026-02-25 08:20:16,959 - f:dbTipo:125 [INFO]:
Conectando a la base de datos SQLite en '/media/homeUbuntu/luis/Documentos/cursos/fp_a_distancia/26-Python/gac/tarea2/salida/php/db_in_sqlite.db'...
2026-02-25 08:20:19,067 - f:dbTipo:125 [INFO]:
BBDD eliminada
2026-02-25 08:20:19,068 - f:dbTipo:125 [INFO]:
Conectando a la base de datos SQLite en '/media/homeUbuntu/luis/Documentos/cursos/fp_a_distancia/26-Python/gac/tarea2/salida/php/db_in_sqlite.db'...
2026-02-25 08:20:19,068 - f:dbTipo:125 [INFO]:
BBDD "salida/php/db_in_sqlite.db" creada nuevamente
2026-02-25 08:20:19,070 - f:dbTipo:125 [INFO]:
Script sql ejecutado correctamente.
2026-02-25 08:20:19,070 - f:dbTipo:125 [INFO]:
Lectura SELECT name FROM sqlite_master WHERE type like 'table' AND name NOT LIKE 'sqlite_%' ORDER BY name; correcta
2026-02-25 08:20:19,071 - f:dbTipo:125 [INFO]:
Lectura SELECT 'alumnos' AS table_name, name AS column_name, cid + 1 AS ordinal_position, dflt_value AS column_default, CASE 'notnull' WHEN 0 THEN 'YES' ELSE 'NO' END AS is_nullable, type AS data_type, NULL AS character_maximum_length, NULL AS numeric_precision, type AS column_type, CASE pk WHEN 1 THEN 'PRI' ELSE '' END AS column_key, NULL AS column_comment FROM pragma_table_info('alumnos'); correcta
2026-02-25 08:20:19,071 - f:dbTipo:125 [INFO]:
Lectura SELECT 'calificaciones' AS table_name, name AS column_name, cid + 1 AS ordinal_position, dflt_value AS column_default, CASE 'notnull' WHEN 0 THEN 'YES' ELSE 'NO' END AS is_nullable, type AS data_type, NULL AS character_maximum_length, NULL AS numeric_precision, type AS column_type, CASE pk WHEN 1 THEN 'PRI' ELSE '' END AS column_key, NULL AS column_comment FROM pragma_table_info('calificaciones'); correcta
2026-02-25 08:20:19,073 - f:pythonSalida:47 [INFO]:
Generando CRUD para tabla alumnos...
2026-02-25 08:20:19,073 - f:pythonSalida:48 [INFO]:
DB: salida/php/db_in_sqlite.db, Tipo de salida: python
2026-02-25 08:20:19,075 - f:pythonSalida:47 [INFO]:
Generando CRUD para tabla calificaciones...
2026-02-25 08:20:19,075 - f:pythonSalida:48 [INFO]:
DB: salida/php/db_in_sqlite.db, Tipo de salida: python
2026-02-25 08:20:19,076 - f:utils:22 [INFO]:
Lanzar aplicación con 'py /media/homeUbuntu/luis/Documentos/cursos/fp_a_distancia/26-Python/gac/tarea2/salida/python/crud.py'
2026-02-25 08:27:29,849 - f:App:53 [INFO]:
0. Inicio del programa
2026-02-25 08:27:29,850 - f:App:170 [INFO]:
Tipo de bbdd: sqlite
2026-02-25 08:27:29,853 - f:dbTipo:125 [INFO]:
Conectando a la base de datos SQLite en '/media/homeUbuntu/luis/Documentos/cursos/fp_a_distancia/26-Python/gac/tarea2/salida/php/db_in_sqlite.db'...
2026-02-25 08:27:30,900 - f:dbTipo:125 [INFO]:
BBDD eliminada
2026-02-25 08:27:30,901 - f:dbTipo:125 [INFO]:
Conectando a la base de datos SQLite en '/media/homeUbuntu/luis/Documentos/cursos/fp_a_distancia/26-Python/gac/tarea2/salida/php/db_in_sqlite.db'...
2026-02-25 08:27:30,901 - f:dbTipo:125 [INFO]:
BBDD "salida/php/db_in_sqlite.db" creada nuevamente
2026-02-25 08:27:30,903 - f:dbTipo:125 [INFO]:
Script sql ejecutado correctamente.
2026-02-25 08:27:30,903 - f:dbTipo:125 [INFO]:
Lectura SELECT name FROM sqlite_master WHERE type like 'table' AND name NOT LIKE 'sqlite_%' ORDER BY name; correcta
2026-02-25 08:27:30,904 - f:dbTipo:125 [INFO]:
Lectura SELECT 'alumnos' AS table_name, name AS column_name, cid + 1 AS ordinal_position, dflt_value AS column_default, CASE 'notnull' WHEN 0 THEN 'YES' ELSE 'NO' END AS is_nullable, type AS data_type, NULL AS character_maximum_length, NULL AS numeric_precision, type AS column_type, CASE pk WHEN 1 THEN 'PRI' ELSE '' END AS column_key, NULL AS column_comment FROM pragma_table_info('alumnos'); correcta
2026-02-25 08:27:30,904 - f:dbTipo:125 [INFO]:
Lectura SELECT 'calificaciones' AS table_name, name AS column_name, cid + 1 AS ordinal_position, dflt_value AS column_default, CASE 'notnull' WHEN 0 THEN 'YES' ELSE 'NO' END AS is_nullable, type AS data_type, NULL AS character_maximum_length, NULL AS numeric_precision, type AS column_type, CASE pk WHEN 1 THEN 'PRI' ELSE '' END AS column_key, NULL AS column_comment FROM pragma_table_info('calificaciones'); correcta
2026-02-25 08:27:30,907 - f:pythonSalida:47 [INFO]:
Generando CRUD para tabla alumnos...
2026-02-25 08:27:30,907 - f:pythonSalida:48 [INFO]:
DB: salida/php/db_in_sqlite.db, Tipo de salida: python
2026-02-25 08:27:30,908 - f:pythonSalida:47 [INFO]:
Generando CRUD para tabla calificaciones...
2026-02-25 08:27:30,908 - f:pythonSalida:48 [INFO]:
DB: salida/php/db_in_sqlite.db, Tipo de salida: python
2026-02-25 08:27:30,910 - f:utils:22 [INFO]:
Lanzar aplicación con 'py /media/homeUbuntu/luis/Documentos/cursos/fp_a_distancia/26-Python/gac/tarea2/salida/python/crud.py'
2026-02-25 08:28:06,969 - f:App:53 [INFO]:
0. Inicio del programa
2026-02-25 08:28:06,970 - f:App:170 [INFO]:
Tipo de bbdd: sqlite
2026-02-25 08:28:06,973 - f:dbTipo:125 [INFO]:
Conectando a la base de datos SQLite en '/media/homeUbuntu/luis/Documentos/cursos/fp_a_distancia/26-Python/gac/tarea2/salida/php/db_in_sqlite.db'...
2026-02-25 08:28:07,918 - f:dbTipo:125 [INFO]:
BBDD eliminada
2026-02-25 08:28:07,918 - f:dbTipo:125 [INFO]:
Conectando a la base de datos SQLite en '/media/homeUbuntu/luis/Documentos/cursos/fp_a_distancia/26-Python/gac/tarea2/salida/php/db_in_sqlite.db'...
2026-02-25 08:28:07,919 - f:dbTipo:125 [INFO]:
BBDD "salida/php/db_in_sqlite.db" creada nuevamente
2026-02-25 08:28:07,927 - f:dbTipo:125 [INFO]:
Script sql ejecutado correctamente.
2026-02-25 08:28:07,927 - f:dbTipo:125 [INFO]:
Lectura SELECT name FROM sqlite_master WHERE type like 'table' AND name NOT LIKE 'sqlite_%' ORDER BY name; correcta
2026-02-25 08:28:07,927 - f:dbTipo:125 [INFO]:
Lectura SELECT 'alumnos' AS table_name, name AS column_name, cid + 1 AS ordinal_position, dflt_value AS column_default, CASE 'notnull' WHEN 0 THEN 'YES' ELSE 'NO' END AS is_nullable, type AS data_type, NULL AS character_maximum_length, NULL AS numeric_precision, type AS column_type, CASE pk WHEN 1 THEN 'PRI' ELSE '' END AS column_key, NULL AS column_comment FROM pragma_table_info('alumnos'); correcta
2026-02-25 08:28:07,927 - f:dbTipo:125 [INFO]:
Lectura SELECT 'calificaciones' AS table_name, name AS column_name, cid + 1 AS ordinal_position, dflt_value AS column_default, CASE 'notnull' WHEN 0 THEN 'YES' ELSE 'NO' END AS is_nullable, type AS data_type, NULL AS character_maximum_length, NULL AS numeric_precision, type AS column_type, CASE pk WHEN 1 THEN 'PRI' ELSE '' END AS column_key, NULL AS column_comment FROM pragma_table_info('calificaciones'); correcta
2026-02-25 08:28:07,931 - f:pythonSalida:47 [INFO]:
Generando CRUD para tabla alumnos...
2026-02-25 08:28:07,931 - f:pythonSalida:48 [INFO]:
DB: salida/php/db_in_sqlite.db, Tipo de salida: python
2026-02-25 08:28:07,932 - f:pythonSalida:47 [INFO]:
Generando CRUD para tabla calificaciones...
2026-02-25 08:28:07,932 - f:pythonSalida:48 [INFO]:
DB: salida/php/db_in_sqlite.db, Tipo de salida: python
2026-02-25 08:28:07,933 - f:utils:22 [INFO]:
Lanzar aplicación con 'py /media/homeUbuntu/luis/Documentos/cursos/fp_a_distancia/26-Python/gac/tarea2/salida/python/crud.py'
2026-02-25 08:28:52,514 - f:App:53 [INFO]:
0. Inicio del programa
2026-02-25 08:28:52,514 - f:App:170 [INFO]:
Tipo de bbdd: sqlite
2026-02-25 08:28:52,517 - f:dbTipo:125 [INFO]:
Conectando a la base de datos SQLite en '/media/homeUbuntu/luis/Documentos/cursos/fp_a_distancia/26-Python/gac/tarea2/salida/php/db_in_sqlite.db'...
2026-02-25 08:28:53,289 - f:dbTipo:125 [INFO]:
BBDD eliminada
2026-02-25 08:28:53,289 - f:dbTipo:125 [INFO]:
Conectando a la base de datos SQLite en '/media/homeUbuntu/luis/Documentos/cursos/fp_a_distancia/26-Python/gac/tarea2/salida/php/db_in_sqlite.db'...
2026-02-25 08:28:53,289 - f:dbTipo:125 [INFO]:
BBDD "salida/php/db_in_sqlite.db" creada nuevamente
2026-02-25 08:28:53,298 - f:dbTipo:125 [INFO]:
Script sql ejecutado correctamente.
2026-02-25 08:28:53,298 - f:dbTipo:125 [INFO]:
Lectura SELECT name FROM sqlite_master WHERE type like 'table' AND name NOT LIKE 'sqlite_%' ORDER BY name; correcta
2026-02-25 08:28:53,298 - f:dbTipo:125 [INFO]:
Lectura SELECT 'alumnos' AS table_name, name AS column_name, cid + 1 AS ordinal_position, dflt_value AS column_default, CASE 'notnull' WHEN 0 THEN 'YES' ELSE 'NO' END AS is_nullable, type AS data_type, NULL AS character_maximum_length, NULL AS numeric_precision, type AS column_type, CASE pk WHEN 1 THEN 'PRI' ELSE '' END AS column_key, NULL AS column_comment FROM pragma_table_info('alumnos'); correcta
2026-02-25 08:28:53,298 - f:dbTipo:125 [INFO]:
Lectura SELECT 'calificaciones' AS table_name, name AS column_name, cid + 1 AS ordinal_position, dflt_value AS column_default, CASE 'notnull' WHEN 0 THEN 'YES' ELSE 'NO' END AS is_nullable, type AS data_type, NULL AS character_maximum_length, NULL AS numeric_precision, type AS column_type, CASE pk WHEN 1 THEN 'PRI' ELSE '' END AS column_key, NULL AS column_comment FROM pragma_table_info('calificaciones'); correcta
2026-02-25 08:28:53,303 - f:pythonSalida:47 [INFO]:
Generando CRUD para tabla alumnos...
2026-02-25 08:28:53,303 - f:pythonSalida:48 [INFO]:
DB: salida/php/db_in_sqlite.db, Tipo de salida: python
2026-02-25 08:28:53,304 - f:pythonSalida:47 [INFO]:
Generando CRUD para tabla calificaciones...
2026-02-25 08:28:53,305 - f:pythonSalida:48 [INFO]:
DB: salida/php/db_in_sqlite.db, Tipo de salida: python
2026-02-25 08:28:53,306 - f:utils:22 [INFO]:
Lanzar aplicación con 'py /media/homeUbuntu/luis/Documentos/cursos/fp_a_distancia/26-Python/gac/tarea2/salida/python/crud.py'
2026-02-25 08:31:43,880 - f:App:53 [INFO]:
0. Inicio del programa
2026-02-25 08:31:43,880 - f:App:170 [INFO]:
Tipo de bbdd: sqlite
2026-02-25 08:31:43,883 - f:dbTipo:125 [INFO]:
Conectando a la base de datos SQLite en '/media/homeUbuntu/luis/Documentos/cursos/fp_a_distancia/26-Python/gac/tarea2/salida/php/db_in_sqlite.db'...
2026-02-25 08:31:45,201 - f:dbTipo:125 [INFO]:
BBDD eliminada
2026-02-25 08:31:45,201 - f:dbTipo:125 [INFO]:
Conectando a la base de datos SQLite en '/media/homeUbuntu/luis/Documentos/cursos/fp_a_distancia/26-Python/gac/tarea2/salida/php/db_in_sqlite.db'...
2026-02-25 08:31:45,202 - f:dbTipo:125 [INFO]:
BBDD "salida/php/db_in_sqlite.db" creada nuevamente
2026-02-25 08:31:45,210 - f:dbTipo:125 [INFO]:
Script sql ejecutado correctamente.
2026-02-25 08:31:45,210 - f:dbTipo:125 [INFO]:
Lectura SELECT name FROM sqlite_master WHERE type like 'table' AND name NOT LIKE 'sqlite_%' ORDER BY name; correcta
2026-02-25 08:31:45,211 - f:dbTipo:125 [INFO]:
Lectura SELECT 'alumnos' AS table_name, name AS column_name, cid + 1 AS ordinal_position, dflt_value AS column_default, CASE 'notnull' WHEN 0 THEN 'YES' ELSE 'NO' END AS is_nullable, type AS data_type, NULL AS character_maximum_length, NULL AS numeric_precision, type AS column_type, CASE pk WHEN 1 THEN 'PRI' ELSE '' END AS column_key, NULL AS column_comment FROM pragma_table_info('alumnos'); correcta
2026-02-25 08:31:45,211 - f:dbTipo:125 [INFO]:
Lectura SELECT 'calificaciones' AS table_name, name AS column_name, cid + 1 AS ordinal_position, dflt_value AS column_default, CASE 'notnull' WHEN 0 THEN 'YES' ELSE 'NO' END AS is_nullable, type AS data_type, NULL AS character_maximum_length, NULL AS numeric_precision, type AS column_type, CASE pk WHEN 1 THEN 'PRI' ELSE '' END AS column_key, NULL AS column_comment FROM pragma_table_info('calificaciones'); correcta
2026-02-25 08:31:45,214 - f:pythonSalida:47 [INFO]:
Generando CRUD para tabla alumnos...
2026-02-25 08:31:45,215 - f:pythonSalida:48 [INFO]:
DB: salida/php/db_in_sqlite.db, Tipo de salida: python
2026-02-25 08:31:45,216 - f:pythonSalida:47 [INFO]:
Generando CRUD para tabla calificaciones...
2026-02-25 08:31:45,216 - f:pythonSalida:48 [INFO]:
DB: salida/php/db_in_sqlite.db, Tipo de salida: python
2026-02-25 08:31:45,217 - f:utils:22 [INFO]:
Lanzar aplicación con 'py /media/homeUbuntu/luis/Documentos/cursos/fp_a_distancia/26-Python/gac/tarea2/salida/python/crud.py'
2026-02-25 08:34:06,412 - f:App:53 [INFO]:
0. Inicio del programa
2026-02-25 08:34:06,413 - f:App:170 [INFO]:
Tipo de bbdd: sqlite
2026-02-25 08:34:06,415 - f:dbTipo:125 [INFO]:
Conectando a la base de datos SQLite en '/media/homeUbuntu/luis/Documentos/cursos/fp_a_distancia/26-Python/gac/tarea2/salida/php/db_in_sqlite.db'...
2026-02-25 08:34:07,503 - f:dbTipo:125 [INFO]:
BBDD eliminada
2026-02-25 08:34:07,503 - f:dbTipo:125 [INFO]:
Conectando a la base de datos SQLite en '/media/homeUbuntu/luis/Documentos/cursos/fp_a_distancia/26-Python/gac/tarea2/salida/php/db_in_sqlite.db'...
2026-02-25 08:34:07,503 - f:dbTipo:125 [INFO]:
BBDD "salida/php/db_in_sqlite.db" creada nuevamente
2026-02-25 08:34:07,512 - f:dbTipo:125 [INFO]:
Script sql ejecutado correctamente.
2026-02-25 08:34:07,513 - f:dbTipo:125 [INFO]:
Lectura SELECT name FROM sqlite_master WHERE type like 'table' AND name NOT LIKE 'sqlite_%' ORDER BY name; correcta
2026-02-25 08:34:07,513 - f:dbTipo:125 [INFO]:
Lectura SELECT 'alumnos' AS table_name, name AS column_name, cid + 1 AS ordinal_position, dflt_value AS column_default, CASE 'notnull' WHEN 0 THEN 'YES' ELSE 'NO' END AS is_nullable, type AS data_type, NULL AS character_maximum_length, NULL AS numeric_precision, type AS column_type, CASE pk WHEN 1 THEN 'PRI' ELSE '' END AS column_key, NULL AS column_comment FROM pragma_table_info('alumnos'); correcta
2026-02-25 08:34:07,514 - f:dbTipo:125 [INFO]:
Lectura SELECT 'calificaciones' AS table_name, name AS column_name, cid + 1 AS ordinal_position, dflt_value AS column_default, CASE 'notnull' WHEN 0 THEN 'YES' ELSE 'NO' END AS is_nullable, type AS data_type, NULL AS character_maximum_length, NULL AS numeric_precision, type AS column_type, CASE pk WHEN 1 THEN 'PRI' ELSE '' END AS column_key, NULL AS column_comment FROM pragma_table_info('calificaciones'); correcta
2026-02-25 08:34:07,517 - f:pythonSalida:47 [INFO]:
Generando CRUD para tabla alumnos...
2026-02-25 08:34:07,517 - f:pythonSalida:48 [INFO]:
DB: salida/php/db_in_sqlite.db, Tipo de salida: python
2026-02-25 08:34:07,518 - f:pythonSalida:47 [INFO]:
Generando CRUD para tabla calificaciones...
2026-02-25 08:34:07,518 - f:pythonSalida:48 [INFO]:
DB: salida/php/db_in_sqlite.db, Tipo de salida: python
2026-02-25 08:34:07,520 - f:utils:25 [INFO]:
Lanzar aplicación con 'py /media/homeUbuntu/luis/Documentos/cursos/fp_a_distancia/26-Python/gac/tarea2/salida/python/crud.py'
2026-02-25 15:24:54,371 - f:App:53 [INFO]:
0. Inicio del programa
2026-02-25 15:25:02,735 - f:App:53 [INFO]:
0. Inicio del programa
2026-02-25 15:25:02,742 - f:App:170 [INFO]:
Tipo de bbdd: sqlite
2026-02-25 15:25:02,747 - f:dbTipo:125 [INFO]:
Conectando a la base de datos SQLite en '/media/homeUbuntu/luis/Documentos/cursos/fp_a_distancia/26-Python/gac/tarea2/salida/php/db_in_sqlite.db'...
2026-02-25 15:25:09,870 - f:dbTipo:125 [INFO]:
BBDD eliminada
2026-02-25 15:25:09,871 - f:dbTipo:125 [INFO]:
Conectando a la base de datos SQLite en '/media/homeUbuntu/luis/Documentos/cursos/fp_a_distancia/26-Python/gac/tarea2/salida/php/db_in_sqlite.db'...
2026-02-25 15:25:09,871 - f:dbTipo:125 [INFO]:
BBDD "salida/php/db_in_sqlite.db" creada nuevamente
2026-02-25 15:25:09,874 - f:dbTipo:125 [INFO]:
Script sql ejecutado correctamente.
2026-02-25 15:25:09,874 - f:dbTipo:125 [INFO]:
Lectura SELECT name FROM sqlite_master WHERE type like 'table' AND name NOT LIKE 'sqlite_%' ORDER BY name; correcta
2026-02-25 15:25:09,874 - f:dbTipo:125 [INFO]:
Lectura SELECT 'alumnos' AS table_name, name AS column_name, cid + 1 AS ordinal_position, dflt_value AS column_default, CASE 'notnull' WHEN 0 THEN 'YES' ELSE 'NO' END AS is_nullable, type AS data_type, NULL AS character_maximum_length, NULL AS numeric_precision, type AS column_type, CASE pk WHEN 1 THEN 'PRI' ELSE '' END AS column_key, NULL AS column_comment FROM pragma_table_info('alumnos'); correcta
2026-02-25 15:25:09,874 - f:dbTipo:125 [INFO]:
Lectura SELECT 'calificaciones' AS table_name, name AS column_name, cid + 1 AS ordinal_position, dflt_value AS column_default, CASE 'notnull' WHEN 0 THEN 'YES' ELSE 'NO' END AS is_nullable, type AS data_type, NULL AS character_maximum_length, NULL AS numeric_precision, type AS column_type, CASE pk WHEN 1 THEN 'PRI' ELSE '' END AS column_key, NULL AS column_comment FROM pragma_table_info('calificaciones'); correcta
2026-02-25 15:25:09,877 - f:pythonSalida:47 [INFO]:
Generando CRUD para tabla alumnos...
2026-02-25 15:25:09,877 - f:pythonSalida:48 [INFO]:
DB: salida/php/db_in_sqlite.db, Tipo de salida: python
2026-02-25 15:25:09,878 - f:pythonSalida:47 [INFO]:
Generando CRUD para tabla calificaciones...
2026-02-25 15:25:09,878 - f:pythonSalida:48 [INFO]:
DB: salida/php/db_in_sqlite.db, Tipo de salida: python
2026-02-25 15:25:09,879 - f:utils:25 [INFO]:
Lanzar aplicación con 'py /media/homeUbuntu/luis/Documentos/cursos/fp_a_distancia/26-Python/gac/tarea2/salida/python/crud.py'
2026-02-25 15:29:59,549 - f:App:53 [INFO]:
0. Inicio del programa
2026-02-25 15:29:59,549 - f:App:170 [INFO]:
Tipo de bbdd: sqlite
2026-02-25 15:29:59,552 - f:dbTipo:125 [INFO]:
Conectando a la base de datos SQLite en '/media/homeUbuntu/luis/Documentos/cursos/fp_a_distancia/26-Python/gac/tarea2/salida/php/db_in_sqlite.db'...
2026-02-25 15:30:01,060 - f:dbTipo:125 [INFO]:
BBDD eliminada
2026-02-25 15:30:01,060 - f:dbTipo:125 [INFO]:
Conectando a la base de datos SQLite en '/media/homeUbuntu/luis/Documentos/cursos/fp_a_distancia/26-Python/gac/tarea2/salida/php/db_in_sqlite.db'...
2026-02-25 15:30:01,060 - f:dbTipo:125 [INFO]:
BBDD "salida/php/db_in_sqlite.db" creada nuevamente
2026-02-25 15:30:01,069 - f:dbTipo:125 [INFO]:
Script sql ejecutado correctamente.
2026-02-25 15:30:01,069 - f:dbTipo:125 [INFO]:
Lectura SELECT name FROM sqlite_master WHERE type like 'table' AND name NOT LIKE 'sqlite_%' ORDER BY name; correcta
2026-02-25 15:30:01,070 - f:dbTipo:125 [INFO]:
Lectura SELECT 'alumnos' AS table_name, name AS column_name, cid + 1 AS ordinal_position, dflt_value AS column_default, CASE 'notnull' WHEN 0 THEN 'YES' ELSE 'NO' END AS is_nullable, type AS data_type, NULL AS character_maximum_length, NULL AS numeric_precision, type AS column_type, CASE pk WHEN 1 THEN 'PRI' ELSE '' END AS column_key, NULL AS column_comment FROM pragma_table_info('alumnos'); correcta
2026-02-25 15:30:01,070 - f:dbTipo:125 [INFO]:
Lectura SELECT 'calificaciones' AS table_name, name AS column_name, cid + 1 AS ordinal_position, dflt_value AS column_default, CASE 'notnull' WHEN 0 THEN 'YES' ELSE 'NO' END AS is_nullable, type AS data_type, NULL AS character_maximum_length, NULL AS numeric_precision, type AS column_type, CASE pk WHEN 1 THEN 'PRI' ELSE '' END AS column_key, NULL AS column_comment FROM pragma_table_info('calificaciones'); correcta
2026-02-25 15:30:01,073 - f:pythonSalida:47 [INFO]:
Generando CRUD para tabla alumnos...
2026-02-25 15:30:01,073 - f:pythonSalida:48 [INFO]:
DB: salida/php/db_in_sqlite.db, Tipo de salida: python
2026-02-25 15:30:01,075 - f:pythonSalida:47 [INFO]:
Generando CRUD para tabla calificaciones...
2026-02-25 15:30:01,075 - f:pythonSalida:48 [INFO]:
DB: salida/php/db_in_sqlite.db, Tipo de salida: python
2026-02-25 15:30:01,076 - f:utils:25 [INFO]:
Lanzar aplicación con 'py /media/homeUbuntu/luis/Documentos/cursos/fp_a_distancia/26-Python/gac/tarea2/salida/python/crud.py'
2026-02-25 15:30:24,090 - f:App:53 [INFO]:
0. Inicio del programa
2026-02-25 15:30:24,091 - f:App:170 [INFO]:
Tipo de bbdd: sqlite
2026-02-25 15:30:24,093 - f:dbTipo:125 [INFO]:
Conectando a la base de datos SQLite en '/media/homeUbuntu/luis/Documentos/cursos/fp_a_distancia/26-Python/gac/tarea2/salida/php/db_in_sqlite.db'...
2026-02-25 15:30:25,313 - f:dbTipo:125 [INFO]:
BBDD eliminada
2026-02-25 15:30:25,317 - f:dbTipo:125 [INFO]:
Conectando a la base de datos SQLite en '/media/homeUbuntu/luis/Documentos/cursos/fp_a_distancia/26-Python/gac/tarea2/salida/php/db_in_sqlite.db'...
2026-02-25 15:30:25,317 - f:dbTipo:125 [INFO]:
BBDD "salida/php/db_in_sqlite.db" creada nuevamente
2026-02-25 15:30:25,321 - f:dbTipo:125 [INFO]:
Script sql ejecutado correctamente.
2026-02-25 15:30:25,322 - f:dbTipo:125 [INFO]:
Lectura SELECT name FROM sqlite_master WHERE type like 'table' AND name NOT LIKE 'sqlite_%' ORDER BY name; correcta
2026-02-25 15:30:25,322 - f:dbTipo:125 [INFO]:
Lectura SELECT 'alumnos' AS table_name, name AS column_name, cid + 1 AS ordinal_position, dflt_value AS column_default, CASE 'notnull' WHEN 0 THEN 'YES' ELSE 'NO' END AS is_nullable, type AS data_type, NULL AS character_maximum_length, NULL AS numeric_precision, type AS column_type, CASE pk WHEN 1 THEN 'PRI' ELSE '' END AS column_key, NULL AS column_comment FROM pragma_table_info('alumnos'); correcta
2026-02-25 15:30:25,322 - f:dbTipo:125 [INFO]:
Lectura SELECT 'calificaciones' AS table_name, name AS column_name, cid + 1 AS ordinal_position, dflt_value AS column_default, CASE 'notnull' WHEN 0 THEN 'YES' ELSE 'NO' END AS is_nullable, type AS data_type, NULL AS character_maximum_length, NULL AS numeric_precision, type AS column_type, CASE pk WHEN 1 THEN 'PRI' ELSE '' END AS column_key, NULL AS column_comment FROM pragma_table_info('calificaciones'); correcta
2026-02-25 15:30:25,326 - f:pythonSalida:47 [INFO]:
Generando CRUD para tabla alumnos...
2026-02-25 15:30:25,326 - f:pythonSalida:48 [INFO]:
DB: salida/php/db_in_sqlite.db, Tipo de salida: python
2026-02-25 15:30:25,327 - f:pythonSalida:47 [INFO]:
Generando CRUD para tabla calificaciones...
2026-02-25 15:30:25,327 - f:pythonSalida:48 [INFO]:
DB: salida/php/db_in_sqlite.db, Tipo de salida: python
2026-02-25 15:30:25,328 - f:utils:25 [INFO]:
Lanzar aplicación con 'py /media/homeUbuntu/luis/Documentos/cursos/fp_a_distancia/26-Python/gac/tarea2/salida/python/crud.py'
2026-02-25 15:36:55,828 - f:App:53 [INFO]:
0. Inicio del programa
2026-02-25 15:36:55,828 - f:App:170 [INFO]:
Tipo de bbdd: sqlite
2026-02-25 15:36:55,831 - f:dbTipo:125 [INFO]:
Conectando a la base de datos SQLite en '/media/homeUbuntu/luis/Documentos/cursos/fp_a_distancia/26-Python/gac/tarea2/salida/php/db_in_sqlite.db'...
2026-02-25 15:36:56,965 - f:dbTipo:125 [INFO]:
BBDD eliminada
2026-02-25 15:36:56,966 - f:dbTipo:125 [INFO]:
Conectando a la base de datos SQLite en '/media/homeUbuntu/luis/Documentos/cursos/fp_a_distancia/26-Python/gac/tarea2/salida/php/db_in_sqlite.db'...
2026-02-25 15:36:56,966 - f:dbTipo:125 [INFO]:
BBDD "salida/php/db_in_sqlite.db" creada nuevamente
2026-02-25 15:36:56,974 - f:dbTipo:125 [INFO]:
Script sql ejecutado correctamente.
2026-02-25 15:36:56,975 - f:dbTipo:125 [INFO]:
Lectura SELECT name FROM sqlite_master WHERE type like 'table' AND name NOT LIKE 'sqlite_%' ORDER BY name; correcta
2026-02-25 15:36:56,975 - f:dbTipo:125 [INFO]:
Lectura SELECT 'alumnos' AS table_name, name AS column_name, cid + 1 AS ordinal_position, dflt_value AS column_default, CASE 'notnull' WHEN 0 THEN 'YES' ELSE 'NO' END AS is_nullable, type AS data_type, NULL AS character_maximum_length, NULL AS numeric_precision, type AS column_type, CASE pk WHEN 1 THEN 'PRI' ELSE '' END AS column_key, NULL AS column_comment FROM pragma_table_info('alumnos'); correcta
2026-02-25 15:36:56,975 - f:dbTipo:125 [INFO]:
Lectura SELECT 'calificaciones' AS table_name, name AS column_name, cid + 1 AS ordinal_position, dflt_value AS column_default, CASE 'notnull' WHEN 0 THEN 'YES' ELSE 'NO' END AS is_nullable, type AS data_type, NULL AS character_maximum_length, NULL AS numeric_precision, type AS column_type, CASE pk WHEN 1 THEN 'PRI' ELSE '' END AS column_key, NULL AS column_comment FROM pragma_table_info('calificaciones'); correcta
2026-02-25 15:36:56,980 - f:pythonSalida:47 [INFO]:
Generando CRUD para tabla alumnos...
2026-02-25 15:36:56,980 - f:pythonSalida:48 [INFO]:
DB: salida/php/db_in_sqlite.db, Tipo de salida: python
2026-02-25 15:36:56,981 - f:pythonSalida:47 [INFO]:
Generando CRUD para tabla calificaciones...
2026-02-25 15:36:56,981 - f:pythonSalida:48 [INFO]:
DB: salida/php/db_in_sqlite.db, Tipo de salida: python
2026-02-25 15:36:56,982 - f:utils:26 [INFO]:
Lanzar aplicación con 'py /media/homeUbuntu/luis/Documentos/cursos/fp_a_distancia/26-Python/gac/tarea2/salida/python/crud.py'
2026-02-25 15:39:51,666 - f:App:53 [INFO]:
0. Inicio del programa
2026-02-25 15:39:51,667 - f:App:170 [INFO]:
Tipo de bbdd: sqlite
2026-02-25 15:39:51,669 - f:dbTipo:125 [INFO]:
Conectando a la base de datos SQLite en '/media/homeUbuntu/luis/Documentos/cursos/fp_a_distancia/26-Python/gac/tarea2/salida/php/db_in_sqlite.db'...
2026-02-25 15:39:53,286 - f:dbTipo:125 [INFO]:
BBDD eliminada
2026-02-25 15:39:53,287 - f:dbTipo:125 [INFO]:
Conectando a la base de datos SQLite en '/media/homeUbuntu/luis/Documentos/cursos/fp_a_distancia/26-Python/gac/tarea2/salida/php/db_in_sqlite.db'...
2026-02-25 15:39:53,287 - f:dbTipo:125 [INFO]:
BBDD "salida/php/db_in_sqlite.db" creada nuevamente
2026-02-25 15:39:53,295 - f:dbTipo:125 [INFO]:
Script sql ejecutado correctamente.
2026-02-25 15:39:53,295 - f:dbTipo:125 [INFO]:
Lectura SELECT name FROM sqlite_master WHERE type like 'table' AND name NOT LIKE 'sqlite_%' ORDER BY name; correcta
2026-02-25 15:39:53,296 - f:dbTipo:125 [INFO]:
Lectura SELECT 'alumnos' AS table_name, name AS column_name, cid + 1 AS ordinal_position, dflt_value AS column_default, CASE 'notnull' WHEN 0 THEN 'YES' ELSE 'NO' END AS is_nullable, type AS data_type, NULL AS character_maximum_length, NULL AS numeric_precision, type AS column_type, CASE pk WHEN 1 THEN 'PRI' ELSE '' END AS column_key, NULL AS column_comment FROM pragma_table_info('alumnos'); correcta
2026-02-25 15:39:53,296 - f:dbTipo:125 [INFO]:
Lectura SELECT 'calificaciones' AS table_name, name AS column_name, cid + 1 AS ordinal_position, dflt_value AS column_default, CASE 'notnull' WHEN 0 THEN 'YES' ELSE 'NO' END AS is_nullable, type AS data_type, NULL AS character_maximum_length, NULL AS numeric_precision, type AS column_type, CASE pk WHEN 1 THEN 'PRI' ELSE '' END AS column_key, NULL AS column_comment FROM pragma_table_info('calificaciones'); correcta
2026-02-25 15:39:53,299 - f:pythonSalida:47 [INFO]:
Generando CRUD para tabla alumnos...
2026-02-25 15:39:53,299 - f:pythonSalida:48 [INFO]:
DB: salida/php/db_in_sqlite.db, Tipo de salida: python
2026-02-25 15:39:53,301 - f:pythonSalida:47 [INFO]:
Generando CRUD para tabla calificaciones...
2026-02-25 15:39:53,301 - f:pythonSalida:48 [INFO]:
DB: salida/php/db_in_sqlite.db, Tipo de salida: python
2026-02-25 15:39:53,302 - f:utils:26 [INFO]:
Lanzar aplicación con 'py /media/homeUbuntu/luis/Documentos/cursos/fp_a_distancia/26-Python/gac/tarea2/salida/python/crud.py'
2026-02-25 15:41:27,454 - f:App:53 [INFO]:
0. Inicio del programa
2026-02-25 15:41:27,455 - f:App:170 [INFO]:
Tipo de bbdd: sqlite
2026-02-25 15:41:27,457 - f:dbTipo:125 [INFO]:
Conectando a la base de datos SQLite en '/media/homeUbuntu/luis/Documentos/cursos/fp_a_distancia/26-Python/gac/tarea2/salida/php/db_in_sqlite.db'...
2026-02-25 15:41:28,477 - f:dbTipo:125 [INFO]:
BBDD eliminada
2026-02-25 15:41:28,477 - f:dbTipo:125 [INFO]:
Conectando a la base de datos SQLite en '/media/homeUbuntu/luis/Documentos/cursos/fp_a_distancia/26-Python/gac/tarea2/salida/php/db_in_sqlite.db'...
2026-02-25 15:41:28,478 - f:dbTipo:125 [INFO]:
BBDD "salida/php/db_in_sqlite.db" creada nuevamente
2026-02-25 15:41:28,486 - f:dbTipo:125 [INFO]:
Script sql ejecutado correctamente.
2026-02-25 15:41:28,486 - f:dbTipo:125 [INFO]:
Lectura SELECT name FROM sqlite_master WHERE type like 'table' AND name NOT LIKE 'sqlite_%' ORDER BY name; correcta
2026-02-25 15:41:28,487 - f:dbTipo:125 [INFO]:
Lectura SELECT 'alumnos' AS table_name, name AS column_name, cid + 1 AS ordinal_position, dflt_value AS column_default, CASE 'notnull' WHEN 0 THEN 'YES' ELSE 'NO' END AS is_nullable, type AS data_type, NULL AS character_maximum_length, NULL AS numeric_precision, type AS column_type, CASE pk WHEN 1 THEN 'PRI' ELSE '' END AS column_key, NULL AS column_comment FROM pragma_table_info('alumnos'); correcta
2026-02-25 15:41:28,487 - f:dbTipo:125 [INFO]:
Lectura SELECT 'calificaciones' AS table_name, name AS column_name, cid + 1 AS ordinal_position, dflt_value AS column_default, CASE 'notnull' WHEN 0 THEN 'YES' ELSE 'NO' END AS is_nullable, type AS data_type, NULL AS character_maximum_length, NULL AS numeric_precision, type AS column_type, CASE pk WHEN 1 THEN 'PRI' ELSE '' END AS column_key, NULL AS column_comment FROM pragma_table_info('calificaciones'); correcta
2026-02-25 15:41:28,490 - f:pythonSalida:47 [INFO]:
Generando CRUD para tabla alumnos...
2026-02-25 15:41:28,490 - f:pythonSalida:48 [INFO]:
DB: salida/php/db_in_sqlite.db, Tipo de salida: python
2026-02-25 15:41:28,491 - f:pythonSalida:47 [INFO]:
Generando CRUD para tabla calificaciones...
2026-02-25 15:41:28,491 - f:pythonSalida:48 [INFO]:
DB: salida/php/db_in_sqlite.db, Tipo de salida: python
2026-02-25 15:41:28,492 - f:utils:26 [INFO]:
Lanzar aplicación con 'py /media/homeUbuntu/luis/Documentos/cursos/fp_a_distancia/26-Python/gac/tarea2/salida/python/crud.py'
2026-02-25 15:42:56,019 - f:App:53 [INFO]:
0. Inicio del programa
2026-02-25 15:42:56,019 - f:App:170 [INFO]:
Tipo de bbdd: sqlite
2026-02-25 15:42:56,022 - f:dbTipo:125 [INFO]:
Conectando a la base de datos SQLite en '/media/homeUbuntu/luis/Documentos/cursos/fp_a_distancia/26-Python/gac/tarea2/salida/php/db_in_sqlite.db'...
2026-02-25 15:42:57,152 - f:dbTipo:125 [INFO]:
BBDD eliminada
2026-02-25 15:42:57,152 - f:dbTipo:125 [INFO]:
Conectando a la base de datos SQLite en '/media/homeUbuntu/luis/Documentos/cursos/fp_a_distancia/26-Python/gac/tarea2/salida/php/db_in_sqlite.db'...
2026-02-25 15:42:57,153 - f:dbTipo:125 [INFO]:
BBDD "salida/php/db_in_sqlite.db" creada nuevamente
2026-02-25 15:42:57,161 - f:dbTipo:125 [INFO]:
Script sql ejecutado correctamente.
2026-02-25 15:42:57,161 - f:dbTipo:125 [INFO]:
Lectura SELECT name FROM sqlite_master WHERE type like 'table' AND name NOT LIKE 'sqlite_%' ORDER BY name; correcta
2026-02-25 15:42:57,161 - f:dbTipo:125 [INFO]:
Lectura SELECT 'alumnos' AS table_name, name AS column_name, cid + 1 AS ordinal_position, dflt_value AS column_default, CASE 'notnull' WHEN 0 THEN 'YES' ELSE 'NO' END AS is_nullable, type AS data_type, NULL AS character_maximum_length, NULL AS numeric_precision, type AS column_type, CASE pk WHEN 1 THEN 'PRI' ELSE '' END AS column_key, NULL AS column_comment FROM pragma_table_info('alumnos'); correcta
2026-02-25 15:42:57,162 - f:dbTipo:125 [INFO]:
Lectura SELECT 'calificaciones' AS table_name, name AS column_name, cid + 1 AS ordinal_position, dflt_value AS column_default, CASE 'notnull' WHEN 0 THEN 'YES' ELSE 'NO' END AS is_nullable, type AS data_type, NULL AS character_maximum_length, NULL AS numeric_precision, type AS column_type, CASE pk WHEN 1 THEN 'PRI' ELSE '' END AS column_key, NULL AS column_comment FROM pragma_table_info('calificaciones'); correcta
2026-02-25 15:42:57,165 - f:pythonSalida:47 [INFO]:
Generando CRUD para tabla alumnos...
2026-02-25 15:42:57,165 - f:pythonSalida:48 [INFO]:
DB: salida/php/db_in_sqlite.db, Tipo de salida: python
2026-02-25 15:42:57,167 - f:pythonSalida:47 [INFO]:
Generando CRUD para tabla calificaciones...
2026-02-25 15:42:57,167 - f:pythonSalida:48 [INFO]:
DB: salida/php/db_in_sqlite.db, Tipo de salida: python
2026-02-25 15:42:57,168 - f:utils:26 [INFO]:
Lanzar aplicación con 'py /media/homeUbuntu/luis/Documentos/cursos/fp_a_distancia/26-Python/gac/tarea2/salida/python/crud.py'
2026-02-25 15:44:19,447 - f:App:53 [INFO]:
0. Inicio del programa
2026-02-25 15:44:19,447 - f:App:170 [INFO]:
Tipo de bbdd: sqlite
2026-02-25 15:44:19,450 - f:dbTipo:125 [INFO]:
Conectando a la base de datos SQLite en '/media/homeUbuntu/luis/Documentos/cursos/fp_a_distancia/26-Python/gac/tarea2/salida/php/db_in_sqlite.db'...
2026-02-25 15:44:20,558 - f:dbTipo:125 [INFO]:
BBDD eliminada
2026-02-25 15:44:20,558 - f:dbTipo:125 [INFO]:
Conectando a la base de datos SQLite en '/media/homeUbuntu/luis/Documentos/cursos/fp_a_distancia/26-Python/gac/tarea2/salida/php/db_in_sqlite.db'...
2026-02-25 15:44:20,559 - f:dbTipo:125 [INFO]:
BBDD "salida/php/db_in_sqlite.db" creada nuevamente
2026-02-25 15:44:20,567 - f:dbTipo:125 [INFO]:
Script sql ejecutado correctamente.
2026-02-25 15:44:20,568 - f:dbTipo:125 [INFO]:
Lectura SELECT name FROM sqlite_master WHERE type like 'table' AND name NOT LIKE 'sqlite_%' ORDER BY name; correcta
2026-02-25 15:44:20,568 - f:dbTipo:125 [INFO]:
Lectura SELECT 'alumnos' AS table_name, name AS column_name, cid + 1 AS ordinal_position, dflt_value AS column_default, CASE 'notnull' WHEN 0 THEN 'YES' ELSE 'NO' END AS is_nullable, type AS data_type, NULL AS character_maximum_length, NULL AS numeric_precision, type AS column_type, CASE pk WHEN 1 THEN 'PRI' ELSE '' END AS column_key, NULL AS column_comment FROM pragma_table_info('alumnos'); correcta
2026-02-25 15:44:20,568 - f:dbTipo:125 [INFO]:
Lectura SELECT 'calificaciones' AS table_name, name AS column_name, cid + 1 AS ordinal_position, dflt_value AS column_default, CASE 'notnull' WHEN 0 THEN 'YES' ELSE 'NO' END AS is_nullable, type AS data_type, NULL AS character_maximum_length, NULL AS numeric_precision, type AS column_type, CASE pk WHEN 1 THEN 'PRI' ELSE '' END AS column_key, NULL AS column_comment FROM pragma_table_info('calificaciones'); correcta
2026-02-25 15:44:20,571 - f:pythonSalida:47 [INFO]:
Generando CRUD para tabla alumnos...
2026-02-25 15:44:20,571 - f:pythonSalida:48 [INFO]:
DB: salida/php/db_in_sqlite.db, Tipo de salida: python
2026-02-25 15:44:20,573 - f:pythonSalida:47 [INFO]:
Generando CRUD para tabla calificaciones...
2026-02-25 15:44:20,573 - f:pythonSalida:48 [INFO]:
DB: salida/php/db_in_sqlite.db, Tipo de salida: python
2026-02-25 15:44:20,574 - f:utils:27 [INFO]:
Lanzar aplicación con 'py /media/homeUbuntu/luis/Documentos/cursos/fp_a_distancia/26-Python/gac/tarea2/salida/python/crud.py'
2026-02-25 15:50:40,280 - f:App:53 [INFO]:
0. Inicio del programa
2026-02-25 15:50:40,280 - f:App:170 [INFO]:
Tipo de bbdd: sqlite
2026-02-25 15:50:40,283 - f:dbTipo:125 [INFO]:
Conectando a la base de datos SQLite en '/media/homeUbuntu/luis/Documentos/cursos/fp_a_distancia/26-Python/gac/tarea2/salida/php/db_in_sqlite.db'...
2026-02-25 15:50:41,683 - f:dbTipo:125 [INFO]:
BBDD eliminada
2026-02-25 15:50:41,683 - f:dbTipo:125 [INFO]:
Conectando a la base de datos SQLite en '/media/homeUbuntu/luis/Documentos/cursos/fp_a_distancia/26-Python/gac/tarea2/salida/php/db_in_sqlite.db'...
2026-02-25 15:50:41,684 - f:dbTipo:125 [INFO]:
BBDD "salida/php/db_in_sqlite.db" creada nuevamente
2026-02-25 15:50:41,686 - f:dbTipo:125 [INFO]:
Script sql ejecutado correctamente.
2026-02-25 15:50:41,686 - f:dbTipo:125 [INFO]:
Lectura SELECT name FROM sqlite_master WHERE type like 'table' AND name NOT LIKE 'sqlite_%' ORDER BY name; correcta
2026-02-25 15:50:41,686 - f:dbTipo:125 [INFO]:
Lectura SELECT 'alumnos' AS table_name, name AS column_name, cid + 1 AS ordinal_position, dflt_value AS column_default, CASE 'notnull' WHEN 0 THEN 'YES' ELSE 'NO' END AS is_nullable, type AS data_type, NULL AS character_maximum_length, NULL AS numeric_precision, type AS column_type, CASE pk WHEN 1 THEN 'PRI' ELSE '' END AS column_key, NULL AS column_comment FROM pragma_table_info('alumnos'); correcta
2026-02-25 15:50:41,687 - f:dbTipo:125 [INFO]:
Lectura SELECT 'calificaciones' AS table_name, name AS column_name, cid + 1 AS ordinal_position, dflt_value AS column_default, CASE 'notnull' WHEN 0 THEN 'YES' ELSE 'NO' END AS is_nullable, type AS data_type, NULL AS character_maximum_length, NULL AS numeric_precision, type AS column_type, CASE pk WHEN 1 THEN 'PRI' ELSE '' END AS column_key, NULL AS column_comment FROM pragma_table_info('calificaciones'); correcta
2026-02-25 15:50:41,690 - f:pythonSalida:47 [INFO]:
Generando CRUD para tabla alumnos...
2026-02-25 15:50:41,690 - f:pythonSalida:48 [INFO]:
DB: salida/php/db_in_sqlite.db, Tipo de salida: python
2026-02-25 15:50:41,691 - f:pythonSalida:47 [INFO]:
Generando CRUD para tabla calificaciones...
2026-02-25 15:50:41,691 - f:pythonSalida:48 [INFO]:
DB: salida/php/db_in_sqlite.db, Tipo de salida: python
2026-02-25 15:50:41,692 - f:utils:27 [INFO]:
Lanzar aplicación con 'py /media/homeUbuntu/luis/Documentos/cursos/fp_a_distancia/26-Python/gac/tarea2/salida/python/crud.py'
2026-02-25 15:51:36,173 - f:App:53 [INFO]:
0. Inicio del programa
2026-02-25 15:51:36,174 - f:App:170 [INFO]:
Tipo de bbdd: sqlite
2026-02-25 15:51:36,178 - f:dbTipo:125 [INFO]:
3. Conectando a la base de datos SQLite en '/media/homeUbuntu/luis/Documentos/cursos/fp_a_distancia/26-Python/gac/tarea2/salida/php/db_in_sqlite.db'...
2026-02-25 15:51:42,121 - f:dbTipo:125 [INFO]:
BBDD eliminada
2026-02-25 15:51:42,121 - f:dbTipo:125 [INFO]:
3. Conectando a la base de datos SQLite en '/media/homeUbuntu/luis/Documentos/cursos/fp_a_distancia/26-Python/gac/tarea2/salida/php/db_in_sqlite.db'...
2026-02-25 15:51:42,121 - f:dbTipo:125 [INFO]:
BBDD "salida/php/db_in_sqlite.db" creada nuevamente
2026-02-25 15:51:42,130 - f:dbTipo:125 [INFO]:
Script sql ejecutado correctamente.
2026-02-25 15:51:42,130 - f:dbTipo:125 [INFO]:
Lectura SELECT name FROM sqlite_master WHERE type like 'table' AND name NOT LIKE 'sqlite_%' ORDER BY name; correcta
2026-02-25 15:51:42,130 - f:dbTipo:125 [INFO]:
Lectura SELECT 'alumnos' AS table_name, name AS column_name, cid + 1 AS ordinal_position, dflt_value AS column_default, CASE 'notnull' WHEN 0 THEN 'YES' ELSE 'NO' END AS is_nullable, type AS data_type, NULL AS character_maximum_length, NULL AS numeric_precision, type AS column_type, CASE pk WHEN 1 THEN 'PRI' ELSE '' END AS column_key, NULL AS column_comment FROM pragma_table_info('alumnos'); correcta
2026-02-25 15:51:42,130 - f:dbTipo:125 [INFO]:
Lectura SELECT 'calificaciones' AS table_name, name AS column_name, cid + 1 AS ordinal_position, dflt_value AS column_default, CASE 'notnull' WHEN 0 THEN 'YES' ELSE 'NO' END AS is_nullable, type AS data_type, NULL AS character_maximum_length, NULL AS numeric_precision, type AS column_type, CASE pk WHEN 1 THEN 'PRI' ELSE '' END AS column_key, NULL AS column_comment FROM pragma_table_info('calificaciones'); correcta
2026-02-25 15:51:42,133 - f:pythonSalida:47 [INFO]:
Generando CRUD para tabla alumnos...
2026-02-25 15:51:42,133 - f:pythonSalida:48 [INFO]:
DB: salida/php/db_in_sqlite.db, Tipo de salida: python
2026-02-25 15:51:42,135 - f:pythonSalida:47 [INFO]:
Generando CRUD para tabla calificaciones...
2026-02-25 15:51:42,135 - f:pythonSalida:48 [INFO]:
DB: salida/php/db_in_sqlite.db, Tipo de salida: python
2026-02-25 15:51:42,136 - f:utils:27 [INFO]:
Lanzar aplicación con 'py /media/homeUbuntu/luis/Documentos/cursos/fp_a_distancia/26-Python/gac/tarea2/salida/python/crud.py'
2026-02-25 15:53:56,732 - f:App:53 [INFO]:
0. Inicio del programa
2026-02-25 15:53:56,732 - f:App:170 [INFO]:
Tipo de bbdd: sqlite
2026-02-25 15:53:56,736 - f:dbTipo:125 [INFO]:
3. Conectando a la base de datos SQLite en '/media/homeUbuntu/luis/Documentos/cursos/fp_a_distancia/26-Python/gac/tarea2/salida/php/db_in_sqlite.db'...
2026-02-25 15:53:58,022 - f:dbTipo:125 [INFO]:
3.1. BBDD eliminada
2026-02-25 15:53:58,022 - f:dbTipo:125 [INFO]:
3. Conectando a la base de datos SQLite en '/media/homeUbuntu/luis/Documentos/cursos/fp_a_distancia/26-Python/gac/tarea2/salida/php/db_in_sqlite.db'...
2026-02-25 15:53:58,022 - f:dbTipo:125 [INFO]:
3.2. BBDD "salida/php/db_in_sqlite.db" creada nuevamente
2026-02-25 15:53:58,031 - f:dbTipo:125 [INFO]:
3.3. Script sql ejecutado correctamente.
2026-02-25 15:54:23,150 - f:App:53 [INFO]:
0. Inicio del programa
2026-02-25 15:54:23,150 - f:App:170 [INFO]:
Tipo de bbdd: sqlite
2026-02-25 15:54:23,154 - f:dbTipo:125 [INFO]:
3. Conectando a la base de datos SQLite en '/media/homeUbuntu/luis/Documentos/cursos/fp_a_distancia/26-Python/gac/tarea2/salida/php/db_in_sqlite.db'...
2026-02-25 15:54:24,228 - f:dbTipo:125 [INFO]:
3.1. BBDD eliminada
2026-02-25 15:54:24,228 - f:dbTipo:125 [INFO]:
3. Conectando a la base de datos SQLite en '/media/homeUbuntu/luis/Documentos/cursos/fp_a_distancia/26-Python/gac/tarea2/salida/php/db_in_sqlite.db'...
2026-02-25 15:54:24,229 - f:dbTipo:125 [INFO]:
3.2. BBDD "salida/php/db_in_sqlite.db" creada nuevamente
2026-02-25 15:54:24,237 - f:dbTipo:125 [INFO]:
3.3. Script sql ejecutado correctamente.
2026-02-25 15:56:55,897 - f:App:53 [INFO]:
0. Inicio del programa
2026-02-25 15:56:55,898 - f:App:170 [INFO]:
Tipo de bbdd: sqlite
2026-02-25 15:56:55,902 - f:dbTipo:125 [INFO]:
3. Conectando a la base de datos SQLite en '/media/homeUbuntu/luis/Documentos/cursos/fp_a_distancia/26-Python/gac/tarea2/salida/php/db_in_sqlite.db'...
2026-02-25 15:56:56,974 - f:dbTipo:125 [INFO]:
3.1. BBDD eliminada
2026-02-25 15:56:56,974 - f:dbTipo:125 [INFO]:
3. Conectando a la base de datos SQLite en '/media/homeUbuntu/luis/Documentos/cursos/fp_a_distancia/26-Python/gac/tarea2/salida/php/db_in_sqlite.db'...
2026-02-25 15:56:56,974 - f:dbTipo:125 [INFO]:
3.2. BBDD "salida/php/db_in_sqlite.db" creada nuevamente
2026-02-25 15:56:56,983 - f:dbTipo:125 [INFO]:
3.3. Script sql ejecutado correctamente.
2026-02-25 15:56:56,987 - f:pythonSalida:47 [INFO]:
Generando CRUD para tabla alumnos...
2026-02-25 15:56:56,987 - f:pythonSalida:48 [INFO]:
DB: salida/php/db_in_sqlite.db, Tipo de salida: python
2026-02-25 15:56:56,988 - f:pythonSalida:47 [INFO]:
Generando CRUD para tabla calificaciones...
2026-02-25 15:56:56,988 - f:pythonSalida:48 [INFO]:
DB: salida/php/db_in_sqlite.db, Tipo de salida: python
2026-02-25 15:56:56,990 - f:utils:27 [INFO]:
Lanzar aplicación con 'py /media/homeUbuntu/luis/Documentos/cursos/fp_a_distancia/26-Python/gac/tarea2/salida/python/crud.py'
2026-02-25 16:00:13,097 - f:App:53 [INFO]:
0. Inicio del programa
2026-02-25 16:00:13,097 - f:App:170 [INFO]:
Tipo de bbdd: sqlite
2026-02-25 16:00:13,105 - f:dbTipo:125 [INFO]:
3. Conectando a la base de datos SQLite en '/media/homeUbuntu/luis/Documentos/cursos/fp_a_distancia/26-Python/gac/tarea2/salida/php/db_in_sqlite.db'...
2026-02-25 16:00:14,185 - f:dbTipo:125 [INFO]:
3.1. BBDD eliminada
2026-02-25 16:00:14,185 - f:dbTipo:125 [INFO]:
3. Conectando a la base de datos SQLite en '/media/homeUbuntu/luis/Documentos/cursos/fp_a_distancia/26-Python/gac/tarea2/salida/php/db_in_sqlite.db'...
2026-02-25 16:00:14,185 - f:dbTipo:125 [INFO]:
3.2. BBDD "salida/php/db_in_sqlite.db" creada nuevamente
2026-02-25 16:00:14,194 - f:dbTipo:125 [INFO]:
3.3. Script sql ejecutado correctamente.
2026-02-25 16:00:14,198 - f:pythonSalida:47 [INFO]:
Generando CRUD para tabla alumnos...
2026-02-25 16:00:14,198 - f:pythonSalida:48 [INFO]:
DB: salida/php/db_in_sqlite.db, Tipo de salida: python
2026-02-25 16:00:14,199 - f:pythonSalida:47 [INFO]:
Generando CRUD para tabla calificaciones...
2026-02-25 16:00:14,199 - f:pythonSalida:48 [INFO]:
DB: salida/php/db_in_sqlite.db, Tipo de salida: python
2026-02-25 16:00:14,200 - f:utils:27 [INFO]:
Lanzar aplicación con 'py /media/homeUbuntu/luis/Documentos/cursos/fp_a_distancia/26-Python/gac/tarea2/salida/python/crud.py'
2026-02-25 16:00:59,510 - f:App:53 [INFO]:
0. Inicio del programa
2026-02-25 16:00:59,511 - f:App:170 [INFO]:
Tipo de bbdd: sqlite
2026-02-25 16:00:59,514 - f:dbTipo:125 [INFO]:
3. Conectando a la base de datos SQLite en '/media/homeUbuntu/luis/Documentos/cursos/fp_a_distancia/26-Python/gac/tarea2/salida/php/db_in_sqlite.db'...
2026-02-25 16:01:00,442 - f:dbTipo:125 [INFO]:
3.1. BBDD eliminada
2026-02-25 16:01:00,442 - f:dbTipo:125 [INFO]:
3. Conectando a la base de datos SQLite en '/media/homeUbuntu/luis/Documentos/cursos/fp_a_distancia/26-Python/gac/tarea2/salida/php/db_in_sqlite.db'...
2026-02-25 16:01:00,443 - f:dbTipo:125 [INFO]:
3.2. BBDD "salida/php/db_in_sqlite.db" creada nuevamente
2026-02-25 16:01:00,451 - f:dbTipo:125 [INFO]:
3.3. Script sql ejecutado correctamente.
2026-02-25 16:01:00,455 - f:pythonSalida:47 [INFO]:
Generando CRUD para tabla alumnos...
2026-02-25 16:01:00,455 - f:pythonSalida:48 [INFO]:
DB: salida/php/db_in_sqlite.db, Tipo de salida: python
2026-02-25 16:01:00,456 - f:pythonSalida:47 [INFO]:
Generando CRUD para tabla calificaciones...
2026-02-25 16:01:00,456 - f:pythonSalida:48 [INFO]:
DB: salida/php/db_in_sqlite.db, Tipo de salida: python
2026-02-25 16:01:00,457 - f:utils:27 [INFO]:
Lanzar aplicación con 'py /media/homeUbuntu/luis/Documentos/cursos/fp_a_distancia/26-Python/gac/tarea2/salida/python/crud.py'
2026-02-25 16:06:37,535 - f:App:53 [INFO]:
0. Inicio del programa
2026-02-25 16:06:37,536 - f:App:170 [INFO]:
Tipo de bbdd: sqlite
2026-02-25 16:06:37,540 - f:dbTipo:125 [INFO]:
3. Conectando a la base de datos SQLite en '/media/homeUbuntu/luis/Documentos/cursos/fp_a_distancia/26-Python/gac/tarea2/salida/php/db_in_sqlite.db'...
2026-02-25 16:06:38,504 - f:dbTipo:125 [INFO]:
3.1. BBDD eliminada
2026-02-25 16:06:38,504 - f:dbTipo:125 [INFO]:
3. Conectando a la base de datos SQLite en '/media/homeUbuntu/luis/Documentos/cursos/fp_a_distancia/26-Python/gac/tarea2/salida/php/db_in_sqlite.db'...
2026-02-25 16:06:38,504 - f:dbTipo:125 [INFO]:
3.2. BBDD "salida/php/db_in_sqlite.db" creada nuevamente
2026-02-25 16:06:38,513 - f:dbTipo:125 [INFO]:
3.3. Script sql ejecutado correctamente.
2026-02-25 16:06:38,516 - f:pythonSalida:47 [INFO]:
Generando CRUD para tabla alumnos...
2026-02-25 16:06:38,517 - f:pythonSalida:48 [INFO]:
DB: salida/php/db_in_sqlite.db, Tipo de salida: python
2026-02-25 16:06:38,518 - f:pythonSalida:47 [INFO]:
Generando CRUD para tabla calificaciones...
2026-02-25 16:06:38,518 - f:pythonSalida:48 [INFO]:
DB: salida/php/db_in_sqlite.db, Tipo de salida: python
2026-02-25 16:06:38,519 - f:utils:27 [INFO]:
Lanzar aplicación con 'py /media/homeUbuntu/luis/Documentos/cursos/fp_a_distancia/26-Python/gac/tarea2/salida/python/crud.py'
2026-02-25 16:09:30,168 - f:App:53 [INFO]:
0. Inicio del programa
2026-02-25 16:09:30,168 - f:App:170 [INFO]:
Tipo de bbdd: sqlite
2026-02-25 16:09:30,171 - f:dbTipo:125 [INFO]:
3. Conectando a la base de datos SQLite en '/media/homeUbuntu/luis/Documentos/cursos/fp_a_distancia/26-Python/gac/tarea2/db_in_sqlite.db'...
2026-02-25 16:09:31,146 - f:dbTipo:125 [INFO]:
3.1. BBDD eliminada
2026-02-25 16:09:31,146 - f:dbTipo:125 [INFO]:
3. Conectando a la base de datos SQLite en '/media/homeUbuntu/luis/Documentos/cursos/fp_a_distancia/26-Python/gac/tarea2/db_in_sqlite.db'...
2026-02-25 16:09:31,146 - f:dbTipo:125 [INFO]:
3.2. BBDD "db_in_sqlite.db" creada nuevamente
2026-02-25 16:09:31,155 - f:dbTipo:125 [INFO]:
3.3. Script sql ejecutado correctamente.
2026-02-25 16:09:31,158 - f:pythonSalida:47 [INFO]:
Generando CRUD para tabla alumnos...
2026-02-25 16:09:31,158 - f:pythonSalida:48 [INFO]:
DB: db_in_sqlite.db, Tipo de salida: python
2026-02-25 16:09:31,160 - f:pythonSalida:47 [INFO]:
Generando CRUD para tabla calificaciones...
2026-02-25 16:09:31,160 - f:pythonSalida:48 [INFO]:
DB: db_in_sqlite.db, Tipo de salida: python
2026-02-25 16:09:31,161 - f:utils:27 [INFO]:
Lanzar aplicación con 'py /media/homeUbuntu/luis/Documentos/cursos/fp_a_distancia/26-Python/gac/tarea2/salida/python/crud.py'
2026-02-25 16:11:28,849 - f:App:53 [INFO]:
0. Inicio del programa
2026-02-25 16:11:28,849 - f:App:170 [INFO]:
Tipo de bbdd: sqlite
2026-02-25 16:11:28,853 - f:dbTipo:125 [INFO]:
3. Conectando a la base de datos SQLite en '/media/homeUbuntu/luis/Documentos/cursos/fp_a_distancia/26-Python/gac/tarea2/db_in_sqlite.db'...
2026-02-25 16:11:29,829 - f:dbTipo:125 [INFO]:
3.1. BBDD eliminada
2026-02-25 16:11:29,830 - f:dbTipo:125 [INFO]:
3. Conectando a la base de datos SQLite en '/media/homeUbuntu/luis/Documentos/cursos/fp_a_distancia/26-Python/gac/tarea2/db_in_sqlite.db'...
2026-02-25 16:11:29,830 - f:dbTipo:125 [INFO]:
3.2. BBDD "db_in_sqlite.db" creada nuevamente
2026-02-25 16:11:29,838 - f:dbTipo:125 [INFO]:
3.3. Script sql ejecutado correctamente.
2026-02-25 16:11:29,842 - f:pythonSalida:47 [INFO]:
Generando CRUD para tabla alumnos...
2026-02-25 16:11:29,842 - f:pythonSalida:48 [INFO]:
DB: db_in_sqlite.db, Tipo de salida: python
2026-02-25 16:11:29,843 - f:pythonSalida:47 [INFO]:
Generando CRUD para tabla calificaciones...
2026-02-25 16:11:29,843 - f:pythonSalida:48 [INFO]:
DB: db_in_sqlite.db, Tipo de salida: python
2026-02-25 16:11:29,844 - f:utils:27 [INFO]:
Lanzar aplicación con 'py /media/homeUbuntu/luis/Documentos/cursos/fp_a_distancia/26-Python/gac/tarea2/salida/python/crud.py'
2026-02-25 16:12:07,561 - f:App:53 [INFO]:
0. Inicio del programa
2026-02-25 16:12:07,561 - f:App:170 [INFO]:
Tipo de bbdd: sqlite
2026-02-25 16:12:07,564 - f:dbTipo:125 [INFO]:
3. Conectando a la base de datos SQLite en '/media/homeUbuntu/luis/Documentos/cursos/fp_a_distancia/26-Python/gac/tarea2/db_in_sqlite.db'...
2026-02-25 16:12:09,134 - f:dbTipo:125 [INFO]:
3.1. BBDD eliminada
2026-02-25 16:12:09,134 - f:dbTipo:125 [INFO]:
3. Conectando a la base de datos SQLite en '/media/homeUbuntu/luis/Documentos/cursos/fp_a_distancia/26-Python/gac/tarea2/db_in_sqlite.db'...
2026-02-25 16:12:09,135 - f:dbTipo:125 [INFO]:
3.2. BBDD "db_in_sqlite.db" creada nuevamente
2026-02-25 16:12:09,143 - f:dbTipo:125 [INFO]:
3.3. Script sql ejecutado correctamente.
2026-02-25 16:12:09,147 - f:pythonSalida:47 [INFO]:
Generando CRUD para tabla alumnos...
2026-02-25 16:12:09,147 - f:pythonSalida:48 [INFO]:
DB: db_in_sqlite.db, Tipo de salida: python
2026-02-25 16:12:09,148 - f:pythonSalida:47 [INFO]:
Generando CRUD para tabla calificaciones...
2026-02-25 16:12:09,148 - f:pythonSalida:48 [INFO]:
DB: db_in_sqlite.db, Tipo de salida: python
2026-02-25 16:12:09,149 - f:utils:27 [INFO]:
Lanzar aplicación con 'py /media/homeUbuntu/luis/Documentos/cursos/fp_a_distancia/26-Python/gac/tarea2/salida/python/crud.py'
2026-02-25 16:15:41,708 - f:App:53 [INFO]:
0. Inicio del programa
2026-02-25 16:15:41,709 - f:App:170 [INFO]:
Tipo de bbdd: sqlite
2026-02-25 16:15:41,711 - f:dbTipo:125 [INFO]:
3. Conectando a la base de datos SQLite en '/media/homeUbuntu/luis/Documentos/cursos/fp_a_distancia/26-Python/gac/tarea2/db_in_sqlite.db'...
2026-02-25 16:15:43,037 - f:dbTipo:125 [INFO]:
3.1. BBDD eliminada
2026-02-25 16:15:43,037 - f:dbTipo:125 [INFO]:
3. Conectando a la base de datos SQLite en '/media/homeUbuntu/luis/Documentos/cursos/fp_a_distancia/26-Python/gac/tarea2/db_in_sqlite.db'...
2026-02-25 16:15:43,037 - f:dbTipo:125 [INFO]:
3.2. BBDD "db_in_sqlite.db" creada nuevamente
2026-02-25 16:15:43,046 - f:dbTipo:125 [INFO]:
3.3. Script sql ejecutado correctamente.
2026-02-25 16:15:43,049 - f:utils:27 [INFO]:
Aplicación funcionando en http://localhost:8080
        
        ***********************************************************************************************
        * Verifica que tu servidor web local está corriendo mediante el contenedor docker facilitado. *
        * En caso contrario puedes lanzarlo desde cli mediante el comando `docker compose up -d`.     *
        ***********************************************************************************************
        
2026-02-25 16:16:39,922 - f:App:53 [INFO]:
0. Inicio del programa
2026-02-25 16:16:39,922 - f:App:170 [INFO]:
Tipo de bbdd: sqlite
2026-02-25 16:16:39,924 - f:dbTipo:125 [INFO]:
3. Conectando a la base de datos SQLite en '/media/homeUbuntu/luis/Documentos/cursos/fp_a_distancia/26-Python/gac/tarea2/db_in_sqlite.db'...
2026-02-25 16:16:42,135 - f:dbTipo:125 [INFO]:
3.1. BBDD eliminada
2026-02-25 16:16:42,135 - f:dbTipo:125 [INFO]:
3. Conectando a la base de datos SQLite en '/media/homeUbuntu/luis/Documentos/cursos/fp_a_distancia/26-Python/gac/tarea2/db_in_sqlite.db'...
2026-02-25 16:16:42,136 - f:dbTipo:125 [INFO]:
3.2. BBDD "db_in_sqlite.db" creada nuevamente
2026-02-25 16:16:42,144 - f:dbTipo:125 [INFO]:
3.3. Script sql ejecutado correctamente.
2026-02-25 16:16:42,146 - f:utils:27 [INFO]:
Aplicación funcionando en http://localhost:8080
        
        ***********************************************************************************************
        * Verifica que tu servidor web local está corriendo mediante el contenedor docker facilitado. *
        * En caso contrario puedes lanzarlo desde cli mediante el comando `docker compose up -d`.     *
        ***********************************************************************************************
        
2026-02-25 16:17:02,099 - f:App:53 [INFO]:
0. Inicio del programa
2026-02-25 16:17:02,099 - f:App:170 [INFO]:
Tipo de bbdd: sqlite
2026-02-25 16:17:02,103 - f:dbTipo:125 [INFO]:
3. Conectando a la base de datos SQLite en '/media/homeUbuntu/luis/Documentos/cursos/fp_a_distancia/26-Python/gac/tarea2/db_in_sqlite.db'...
2026-02-25 16:17:03,834 - f:dbTipo:125 [INFO]:
3.1. BBDD eliminada
2026-02-25 16:17:03,834 - f:dbTipo:125 [INFO]:
3. Conectando a la base de datos SQLite en '/media/homeUbuntu/luis/Documentos/cursos/fp_a_distancia/26-Python/gac/tarea2/db_in_sqlite.db'...
2026-02-25 16:17:03,834 - f:dbTipo:125 [INFO]:
3.2. BBDD "db_in_sqlite.db" creada nuevamente
2026-02-25 16:17:03,843 - f:dbTipo:125 [INFO]:
3.3. Script sql ejecutado correctamente.
2026-02-25 16:17:03,844 - f:utils:27 [INFO]:
Aplicación funcionando en http://localhost:8080
        
        ***********************************************************************************************
        * Verifica que tu servidor web local está corriendo mediante el contenedor docker facilitado. *
        * En caso contrario puedes lanzarlo desde cli mediante el comando `docker compose up -d`.     *
        ***********************************************************************************************
        
2026-02-25 16:17:45,912 - f:App:53 [INFO]:
0. Inicio del programa
2026-02-25 16:17:45,913 - f:App:170 [INFO]:
Tipo de bbdd: sqlite
2026-02-25 16:17:45,915 - f:dbTipo:125 [INFO]:
3. Conectando a la base de datos SQLite en '/media/homeUbuntu/luis/Documentos/cursos/fp_a_distancia/26-Python/gac/tarea2/db_in_sqlite.db'...
2026-02-25 16:17:47,724 - f:dbTipo:125 [INFO]:
3.1. BBDD eliminada
2026-02-25 16:17:47,724 - f:dbTipo:125 [INFO]:
3. Conectando a la base de datos SQLite en '/media/homeUbuntu/luis/Documentos/cursos/fp_a_distancia/26-Python/gac/tarea2/db_in_sqlite.db'...
2026-02-25 16:17:47,724 - f:dbTipo:125 [INFO]:
3.2. BBDD "db_in_sqlite.db" creada nuevamente
2026-02-25 16:17:47,732 - f:dbTipo:125 [INFO]:
3.3. Script sql ejecutado correctamente.
2026-02-25 16:17:47,734 - f:utils:27 [INFO]:
Aplicación funcionando en http://localhost:8080
        
        ***********************************************************************************************
        * Verifica que tu servidor web local está corriendo mediante el contenedor docker facilitado. *
        * En caso contrario puedes lanzarlo desde cli mediante el comando `docker compose up -d`.     *
        ***********************************************************************************************
        
2026-02-25 17:27:57,540 - f:App:53 [INFO]:
0. Inicio del programa
2026-02-25 17:27:57,540 - f:App:170 [INFO]:
Tipo de bbdd: sqlite
2026-02-25 17:27:57,543 - f:dbTipo:125 [INFO]:
3. Conectando a la base de datos SQLite en '/media/homeUbuntu/luis/Documentos/cursos/fp_a_distancia/26-Python/gac/tarea2/db_in_sqlite.db'...
2026-02-25 17:27:58,872 - f:dbTipo:125 [INFO]:
3.1. BBDD eliminada
2026-02-25 17:27:58,872 - f:dbTipo:125 [INFO]:
3. Conectando a la base de datos SQLite en '/media/homeUbuntu/luis/Documentos/cursos/fp_a_distancia/26-Python/gac/tarea2/db_in_sqlite.db'...
2026-02-25 17:27:58,872 - f:dbTipo:125 [INFO]:
3.2. BBDD "db_in_sqlite.db" creada nuevamente
2026-02-25 17:27:58,881 - f:dbTipo:125 [INFO]:
3.3. Script sql ejecutado correctamente.
2026-02-25 17:27:58,884 - f:utils:29 [INFO]:
Aplicación funcionando en http://localhost:8080

        ***********************************************************************************************
        * Verifica que tu servidor web local está corriendo mediante el contenedor docker facilitado. *
        * En caso contrario puedes lanzarlo desde cli mediante el comando `docker compose up -d`.     *
        ***********************************************************************************************
        
2026-02-25 17:34:33,242 - f:App:53 [INFO]:
0. Inicio del programa
2026-02-25 17:34:33,242 - f:App:170 [INFO]:
Tipo de bbdd: sqlite
2026-02-25 17:34:33,245 - f:dbTipo:125 [INFO]:
3. Conectando a la base de datos SQLite en '/media/homeUbuntu/luis/Documentos/cursos/fp_a_distancia/26-Python/gac/tarea2/db_in_sqlite.db'...
2026-02-25 17:34:34,529 - f:dbTipo:125 [INFO]:
3.1. BBDD eliminada
2026-02-25 17:34:34,529 - f:dbTipo:125 [INFO]:
3. Conectando a la base de datos SQLite en '/media/homeUbuntu/luis/Documentos/cursos/fp_a_distancia/26-Python/gac/tarea2/db_in_sqlite.db'...
2026-02-25 17:34:34,530 - f:dbTipo:125 [INFO]:
3.2. BBDD "db_in_sqlite.db" creada nuevamente
2026-02-25 17:34:34,538 - f:dbTipo:125 [INFO]:
3.3. Script sql ejecutado correctamente.
2026-02-25 17:34:34,540 - f:utils:29 [INFO]:
Aplicación funcionando en http://localhost:8080

        ***********************************************************************************************
        * Verifica que tu servidor web local está corriendo mediante el contenedor docker facilitado. *
        * En caso contrario puedes lanzarlo desde cli mediante el comando `docker compose up -d`.     *
        ***********************************************************************************************
        
2026-02-25 17:34:42,721 - f:App:53 [INFO]:
0. Inicio del programa
2026-02-25 17:34:42,721 - f:App:170 [INFO]:
Tipo de bbdd: sqlite
2026-02-25 17:34:42,724 - f:dbTipo:125 [INFO]:
3. Conectando a la base de datos SQLite en '/media/homeUbuntu/luis/Documentos/cursos/fp_a_distancia/26-Python/gac/tarea2/db_in_sqlite.db'...
2026-02-25 17:34:44,228 - f:dbTipo:125 [INFO]:
3.1. BBDD eliminada
2026-02-25 17:34:44,228 - f:dbTipo:125 [INFO]:
3. Conectando a la base de datos SQLite en '/media/homeUbuntu/luis/Documentos/cursos/fp_a_distancia/26-Python/gac/tarea2/db_in_sqlite.db'...
2026-02-25 17:34:44,228 - f:dbTipo:125 [INFO]:
3.2. BBDD "db_in_sqlite.db" creada nuevamente
2026-02-25 17:34:44,237 - f:dbTipo:125 [INFO]:
3.3. Script sql ejecutado correctamente.
2026-02-25 17:34:44,243 - f:pythonSalida:50 [INFO]:
Generando CRUD para tabla alumnos...
2026-02-25 17:34:44,243 - f:pythonSalida:51 [INFO]:
DB: db_in_sqlite.db, Tipo de salida: python
2026-02-25 17:34:44,244 - f:pythonSalida:50 [INFO]:
Generando CRUD para tabla calificaciones...
2026-02-25 17:34:44,244 - f:pythonSalida:51 [INFO]:
DB: db_in_sqlite.db, Tipo de salida: python
2026-02-25 17:34:44,246 - f:utils:29 [INFO]:
Lanzar aplicación con 'py /media/homeUbuntu/luis/Documentos/cursos/fp_a_distancia/26-Python/gac/tarea2/salida/python/crud.py'
2026-02-25 17:37:12,128 - f:App:53 [INFO]:
0. Inicio del programa
2026-02-25 17:37:12,135 - f:App:170 [INFO]:
Tipo de bbdd: mariadb
2026-02-25 17:37:16,245 - f:dbTipo:125 [INFO]:
Base de datos 'gac2' eliminada (si existía).
2026-02-25 17:37:16,246 - f:dbTipo:125 [INFO]:
Base de datos 'gac2' creada o ya existente.
2026-02-25 17:37:16,246 - f:dbTipo:125 [INFO]:
Cambiando a la base de datos 'gac2'...
2026-02-25 17:37:16,276 - f:dbTipo:125 [INFO]:
Script sql ejecutado correctamente.
2026-02-25 17:37:16,280 - f:pythonSalida:50 [INFO]:
Generando CRUD para tabla calificaciones...
2026-02-25 17:37:16,281 - f:pythonSalida:51 [INFO]:
DB: gac2, Tipo de salida: python
2026-02-25 17:37:16,282 - f:pythonSalida:50 [INFO]:
Generando CRUD para tabla alumnos...
2026-02-25 17:37:16,282 - f:pythonSalida:51 [INFO]:
DB: gac2, Tipo de salida: python
2026-02-25 17:37:16,283 - f:utils:29 [INFO]:
Lanzar aplicación con 'py /media/homeUbuntu/luis/Documentos/cursos/fp_a_distancia/26-Python/gac/tarea2/salida/python/crud.py'
2026-02-25 17:42:24,809 - f:App:53 [INFO]:
0. Inicio del programa
2026-02-25 17:42:24,809 - f:App:170 [INFO]:
Tipo de bbdd: mariadb
2026-02-25 17:42:26,422 - f:dbTipo:125 [INFO]:
Base de datos 'gac2' eliminada (si existía).
2026-02-25 17:42:26,423 - f:dbTipo:125 [INFO]:
Base de datos 'gac2' creada o ya existente.
2026-02-25 17:42:26,423 - f:dbTipo:125 [INFO]:
Cambiando a la base de datos 'gac2'...
2026-02-25 17:42:26,452 - f:dbTipo:125 [INFO]:
Script sql ejecutado correctamente.
2026-02-25 17:42:26,458 - f:utils:29 [INFO]:
Aplicación funcionando en http://localhost:8080

        ***********************************************************************************************
        * Verifica que tu servidor web local está corriendo mediante el contenedor docker facilitado. *
        * En caso contrario puedes lanzarlo desde cli mediante el comando `docker compose up -d`.     *
        ***********************************************************************************************
        
2026-02-25 17:45:33,465 - f:App:53 [INFO]:
0. Inicio del programa
2026-02-25 17:45:33,465 - f:App:170 [INFO]:
Tipo de bbdd: mariadb
2026-02-25 17:45:34,935 - f:dbTipo:125 [INFO]:
Base de datos 'gac2' eliminada (si existía).
2026-02-25 17:45:34,936 - f:dbTipo:125 [INFO]:
Base de datos 'gac2' creada o ya existente.
2026-02-25 17:45:34,937 - f:dbTipo:125 [INFO]:
Cambiando a la base de datos 'gac2'...
2026-02-25 17:45:35,001 - f:dbTipo:125 [INFO]:
Script sql ejecutado correctamente.
2026-02-25 17:45:35,009 - f:utils:29 [INFO]:
Aplicación funcionando en http://localhost:8080

        ***********************************************************************************************
        * Verifica que tu servidor web local está corriendo mediante el contenedor docker facilitado. *
        * En caso contrario puedes lanzarlo desde cli mediante el comando `docker compose up -d`.     *
        ***********************************************************************************************
        
2026-02-26 08:19:59,667 - f:App:55 [INFO]:
0. Inicio del programa
2026-02-26 08:25:42,891 - f:App:55 [INFO]:
0. Inicio del programa
2026-02-26 08:25:42,897 - f:App:174 [INFO]:
Tipo de bbdd: mariadb
2026-02-26 08:25:43,237 - f:utils:14 [ERROR]:
Error al conectar a la base de datos sin especificar el nombre: 2003 (HY000): Can't connect to MySQL server on 'localhost:3306' (111)
2026-02-26 08:47:59,860 - f:App:55 [INFO]:
0. Inicio del programa
2026-02-26 08:47:59,860 - f:App:174 [INFO]:
Tipo de bbdd: mariadb
2026-02-26 08:48:00,115 - f:utils:14 [ERROR]:
Error al conectar a la base de datos sin especificar el nombre: 2003 (HY000): Can't connect to MySQL server on 'localhost:3306' (111)
2026-02-26 08:48:19,175 - f:App:55 [INFO]:
0. Inicio del programa
2026-02-26 08:48:19,175 - f:App:174 [INFO]:
Tipo de bbdd: mariadb
2026-02-26 08:48:19,448 - f:dbTipo:125 [INFO]:
Base de datos 'gac2' eliminada (si existía).
2026-02-26 08:48:19,448 - f:dbTipo:125 [INFO]:
Base de datos 'gac2' creada o ya existente.
2026-02-26 08:48:19,449 - f:dbTipo:125 [INFO]:
Cambiando a la base de datos 'gac2'...
2026-02-26 08:48:19,474 - f:dbTipo:125 [INFO]:
Script sql ejecutado correctamente.
2026-02-26 08:48:19,478 - f:pythonSalida:50 [INFO]:
Generando CRUD para tabla calificaciones...
2026-02-26 08:48:19,478 - f:pythonSalida:51 [INFO]:
DB: gac2, Tipo de salida: python
2026-02-26 08:48:19,480 - f:pythonSalida:50 [INFO]:
Generando CRUD para tabla alumnos...
2026-02-26 08:48:19,480 - f:pythonSalida:51 [INFO]:
DB: gac2, Tipo de salida: python
2026-02-26 08:48:19,481 - f:utils:29 [INFO]:
Lanzar aplicación con 'py /media/homeUbuntu/luis/Documentos/cursos/fp_a_distancia/26-Python/gac/tarea2/salida/python/crud.py'
2026-02-26 08:49:01,735 - f:App:55 [INFO]:
0. Inicio del programa
2026-02-26 08:49:01,736 - f:App:174 [INFO]:
Tipo de bbdd: mariadb
2026-02-26 08:49:01,999 - f:dbTipo:125 [INFO]:
Base de datos 'gac2' eliminada (si existía).
2026-02-26 08:49:01,999 - f:dbTipo:125 [INFO]:
Base de datos 'gac2' creada o ya existente.
2026-02-26 08:49:01,999 - f:dbTipo:125 [INFO]:
Cambiando a la base de datos 'gac2'...
2026-02-26 08:49:02,025 - f:dbTipo:125 [INFO]:
Script sql ejecutado correctamente.
2026-02-26 08:49:02,030 - f:pythonSalida:50 [INFO]:
Generando CRUD para tabla calificaciones...
2026-02-26 08:49:02,030 - f:pythonSalida:51 [INFO]:
DB: gac2, Tipo de salida: python
2026-02-26 08:49:02,031 - f:pythonSalida:50 [INFO]:
Generando CRUD para tabla alumnos...
2026-02-26 08:49:02,031 - f:pythonSalida:51 [INFO]:
DB: gac2, Tipo de salida: python
2026-02-26 08:49:02,032 - f:utils:29 [INFO]:
Lanzar aplicación con 'python3 /media/homeUbuntu/luis/Documentos/cursos/fp_a_distancia/26-Python/gac/tarea2/salida/python/crud.py'
2026-02-26 08:49:16,299 - f:App:55 [INFO]:
0. Inicio del programa
2026-02-26 08:49:16,306 - f:App:174 [INFO]:
Tipo de bbdd: sqlite
2026-02-26 08:49:16,310 - f:dbTipo:125 [INFO]:
3. Conectando a la base de datos SQLite en '/media/homeUbuntu/luis/Documentos/cursos/fp_a_distancia/26-Python/gac/tarea2/db_in_sqlite.db'...
2026-02-26 08:49:16,313 - f:dbTipo:125 [INFO]:
3.1. BBDD eliminada
2026-02-26 08:49:16,313 - f:dbTipo:125 [INFO]:
3. Conectando a la base de datos SQLite en '/media/homeUbuntu/luis/Documentos/cursos/fp_a_distancia/26-Python/gac/tarea2/db_in_sqlite.db'...
2026-02-26 08:49:16,313 - f:dbTipo:125 [INFO]:
3.2. BBDD "db_in_sqlite.db" creada nuevamente
2026-02-26 08:49:16,315 - f:dbTipo:125 [INFO]:
3.3. Script sql ejecutado correctamente.
2026-02-26 08:49:16,318 - f:pythonSalida:50 [INFO]:
Generando CRUD para tabla alumnos...
2026-02-26 08:49:16,318 - f:pythonSalida:51 [INFO]:
DB: db_in_sqlite.db, Tipo de salida: python
2026-02-26 08:49:16,320 - f:pythonSalida:50 [INFO]:
Generando CRUD para tabla calificaciones...
2026-02-26 08:49:16,320 - f:pythonSalida:51 [INFO]:
DB: db_in_sqlite.db, Tipo de salida: python
2026-02-26 08:49:16,321 - f:utils:29 [INFO]:
Lanzar aplicación con 'python3 /media/homeUbuntu/luis/Documentos/cursos/fp_a_distancia/26-Python/gac/tarea2/salida/python/crud.py'
2026-02-26 10:58:33,344 - f:App:55 [INFO]:
0. Inicio del programa
2026-02-26 10:58:33,345 - f:App:174 [INFO]:
Tipo de bbdd: sqlite
2026-02-26 10:58:33,348 - f:dbTipo:125 [INFO]:
3. Conectando a la base de datos SQLite en '/media/homeUbuntu/luis/Documentos/cursos/fp_a_distancia/26-Python/gac/tarea2/db_in_sqlite.db'...
2026-02-26 10:58:33,352 - f:dbTipo:125 [INFO]:
3.1. BBDD eliminada
2026-02-26 10:58:33,352 - f:dbTipo:125 [INFO]:
3. Conectando a la base de datos SQLite en '/media/homeUbuntu/luis/Documentos/cursos/fp_a_distancia/26-Python/gac/tarea2/db_in_sqlite.db'...
2026-02-26 10:58:33,352 - f:dbTipo:125 [INFO]:
3.2. BBDD "db_in_sqlite.db" creada nuevamente
2026-02-26 10:58:33,354 - f:dbTipo:125 [INFO]:
3.3. Script sql ejecutado correctamente.
2026-02-26 10:58:33,358 - f:pythonSalida:50 [INFO]:
Generando CRUD para tabla alumnos...
2026-02-26 10:58:33,358 - f:pythonSalida:51 [INFO]:
DB: db_in_sqlite.db, Tipo de salida: python
2026-02-26 10:58:33,359 - f:pythonSalida:50 [INFO]:
Generando CRUD para tabla calificaciones...
2026-02-26 10:58:33,359 - f:pythonSalida:51 [INFO]:
DB: db_in_sqlite.db, Tipo de salida: python
2026-02-26 10:58:33,360 - f:utils:29 [INFO]:
Lanzar aplicación con 'python3 /media/homeUbuntu/luis/Documentos/cursos/fp_a_distancia/26-Python/gac/tarea2/salida/python/crud.py'
2026-02-26 12:03:43,124 - f:App:55 [INFO]:
0. Inicio del programa
2026-02-26 12:03:43,124 - f:App:174 [INFO]:
Tipo de bbdd: mariadb
2026-02-26 12:03:43,489 - f:dbTipo:125 [INFO]:
Base de datos 'gac2' eliminada (si existía).
2026-02-26 12:03:43,492 - f:dbTipo:125 [INFO]:
Base de datos 'gac2' creada o ya existente.
2026-02-26 12:03:43,492 - f:dbTipo:125 [INFO]:
Cambiando a la base de datos 'gac2'...
2026-02-26 12:03:43,522 - f:dbTipo:125 [INFO]:
Script sql ejecutado correctamente.
2026-02-26 12:03:43,529 - f:pythonSalida:50 [INFO]:
Generando CRUD para tabla calificaciones...
2026-02-26 12:03:43,529 - f:pythonSalida:51 [INFO]:
DB: gac2, Tipo de salida: python
2026-02-26 12:03:43,531 - f:pythonSalida:50 [INFO]:
Generando CRUD para tabla alumnos...
2026-02-26 12:03:43,531 - f:pythonSalida:51 [INFO]:
DB: gac2, Tipo de salida: python
2026-02-26 12:03:43,532 - f:utils:29 [INFO]:
Lanzar aplicación con 'python3 /media/homeUbuntu/luis/Documentos/cursos/fp_a_distancia/26-Python/gac/tarea2/salida/python/crud.py'
2026-02-26 12:03:45,140 - f:App:55 [INFO]:
0. Inicio del programa
2026-02-26 12:03:45,140 - f:App:174 [INFO]:
Tipo de bbdd: sqlite
2026-02-26 12:03:45,143 - f:dbTipo:125 [INFO]:
3. Conectando a la base de datos SQLite en '/media/homeUbuntu/luis/Documentos/cursos/fp_a_distancia/26-Python/gac/tarea2/db_in_sqlite.db'...
2026-02-26 12:03:45,146 - f:dbTipo:125 [INFO]:
3.1. BBDD eliminada
2026-02-26 12:03:45,146 - f:dbTipo:125 [INFO]:
3. Conectando a la base de datos SQLite en '/media/homeUbuntu/luis/Documentos/cursos/fp_a_distancia/26-Python/gac/tarea2/db_in_sqlite.db'...
2026-02-26 12:03:45,147 - f:dbTipo:125 [INFO]:
3.2. BBDD "db_in_sqlite.db" creada nuevamente
2026-02-26 12:03:45,149 - f:dbTipo:125 [INFO]:
3.3. Script sql ejecutado correctamente.
2026-02-26 12:03:45,151 - f:pythonSalida:50 [INFO]:
Generando CRUD para tabla alumnos...
2026-02-26 12:03:45,151 - f:pythonSalida:51 [INFO]:
DB: db_in_sqlite.db, Tipo de salida: python
2026-02-26 12:03:45,152 - f:pythonSalida:50 [INFO]:
Generando CRUD para tabla calificaciones...
2026-02-26 12:03:45,152 - f:pythonSalida:51 [INFO]:
DB: db_in_sqlite.db, Tipo de salida: python
2026-02-26 12:03:45,153 - f:utils:29 [INFO]:
Lanzar aplicación con 'python3 /media/homeUbuntu/luis/Documentos/cursos/fp_a_distancia/26-Python/gac/tarea2/salida/python/crud.py'
2026-02-26 12:19:37,672 - f:App:55 [INFO]:
0. Inicio del programa
2026-02-26 12:19:37,672 - f:App:174 [INFO]:
Tipo de bbdd: sqlite
2026-02-26 12:19:37,675 - f:dbTipo:125 [INFO]:
3. Conectando a la base de datos SQLite en '/media/homeUbuntu/luis/Documentos/cursos/fp_a_distancia/26-Python/gac/tarea2/db_in_sqlite.db'...
2026-02-26 12:19:37,678 - f:dbTipo:125 [INFO]:
3.1. BBDD eliminada
2026-02-26 12:19:37,678 - f:dbTipo:125 [INFO]:
3. Conectando a la base de datos SQLite en '/media/homeUbuntu/luis/Documentos/cursos/fp_a_distancia/26-Python/gac/tarea2/db_in_sqlite.db'...
2026-02-26 12:19:37,678 - f:dbTipo:125 [INFO]:
3.2. BBDD "db_in_sqlite.db" creada nuevamente
2026-02-26 12:19:37,680 - f:dbTipo:125 [INFO]:
3.3. Script sql ejecutado correctamente.
2026-02-26 12:19:37,683 - f:pythonSalida:50 [INFO]:
Generando CRUD para tabla alumnos...
2026-02-26 12:19:37,683 - f:pythonSalida:51 [INFO]:
DB: db_in_sqlite.db, Tipo de salida: python
2026-02-26 12:19:37,684 - f:pythonSalida:50 [INFO]:
Generando CRUD para tabla calificaciones...
2026-02-26 12:19:37,684 - f:pythonSalida:51 [INFO]:
DB: db_in_sqlite.db, Tipo de salida: python
2026-02-26 12:19:37,685 - f:utils:29 [INFO]:
Lanzar aplicación con 'python3 /media/homeUbuntu/luis/Documentos/cursos/fp_a_distancia/26-Python/gac/tarea2/salida/python/crud.py'
2026-02-26 12:20:23,651 - f:App:55 [INFO]:
0. Inicio del programa
2026-02-26 12:20:23,651 - f:App:174 [INFO]:
Tipo de bbdd: sqlite
2026-02-26 12:20:23,653 - f:dbTipo:125 [INFO]:
3. Conectando a la base de datos SQLite en '/media/homeUbuntu/luis/Documentos/cursos/fp_a_distancia/26-Python/gac/tarea2/db_in_sqlite.db'...
2026-02-26 12:20:23,656 - f:dbTipo:125 [INFO]:
3.1. BBDD eliminada
2026-02-26 12:20:23,656 - f:dbTipo:125 [INFO]:
3. Conectando a la base de datos SQLite en '/media/homeUbuntu/luis/Documentos/cursos/fp_a_distancia/26-Python/gac/tarea2/db_in_sqlite.db'...
2026-02-26 12:20:23,656 - f:dbTipo:125 [INFO]:
3.2. BBDD "db_in_sqlite.db" creada nuevamente
2026-02-26 12:20:23,664 - f:dbTipo:125 [INFO]:
3.3. Script sql ejecutado correctamente.
2026-02-26 12:20:23,666 - f:pythonSalida:50 [INFO]:
Generando CRUD para tabla alumnos...
2026-02-26 12:20:23,666 - f:pythonSalida:51 [INFO]:
DB: db_in_sqlite.db, Tipo de salida: python
2026-02-26 12:20:23,668 - f:pythonSalida:50 [INFO]:
Generando CRUD para tabla calificaciones...
2026-02-26 12:20:23,668 - f:pythonSalida:51 [INFO]:
DB: db_in_sqlite.db, Tipo de salida: python
2026-02-26 12:20:23,669 - f:utils:29 [INFO]:
Lanzar aplicación con 'python3 /media/homeUbuntu/luis/Documentos/cursos/fp_a_distancia/26-Python/gac/tarea2/salida/python/crud.py'
2026-02-26 12:20:34,374 - f:App:55 [INFO]:
0. Inicio del programa
2026-02-26 12:20:34,374 - f:App:174 [INFO]:
Tipo de bbdd: sqlite
2026-02-26 12:20:34,376 - f:dbTipo:125 [INFO]:
3. Conectando a la base de datos SQLite en '/media/homeUbuntu/luis/Documentos/cursos/fp_a_distancia/26-Python/gac/tarea2/db_in_sqlite.db'...
2026-02-26 12:20:37,910 - f:App:55 [INFO]:
0. Inicio del programa
2026-02-26 12:20:37,911 - f:App:174 [INFO]:
Tipo de bbdd: sqlite
2026-02-26 12:20:37,913 - f:dbTipo:125 [INFO]:
3. Conectando a la base de datos SQLite en '/media/homeUbuntu/luis/Documentos/cursos/fp_a_distancia/26-Python/gac/tarea2/db_in_sqlite.db'...
2026-02-26 12:20:37,916 - f:dbTipo:125 [INFO]:
3.1. BBDD eliminada
2026-02-26 12:20:37,916 - f:dbTipo:125 [INFO]:
3. Conectando a la base de datos SQLite en '/media/homeUbuntu/luis/Documentos/cursos/fp_a_distancia/26-Python/gac/tarea2/db_in_sqlite.db'...
2026-02-26 12:20:37,916 - f:dbTipo:125 [INFO]:
3.2. BBDD "db_in_sqlite.db" creada nuevamente
2026-02-26 12:20:37,924 - f:dbTipo:125 [INFO]:
3.3. Script sql ejecutado correctamente.
2026-02-26 12:20:37,930 - f:utils:29 [INFO]:
Aplicación funcionando en http://localhost:8080

        ***********************************************************************************************
        * Verifica que tu servidor web local está corriendo mediante el contenedor docker facilitado. *
        * En caso contrario puedes lanzarlo desde cli mediante el comando `docker compose up -d`.     *
        ***********************************************************************************************
        
2026-02-26 12:21:20,709 - f:App:55 [INFO]:
0. Inicio del programa
2026-02-26 12:21:20,709 - f:App:174 [INFO]:
Tipo de bbdd: sqlite
2026-02-26 12:21:20,711 - f:dbTipo:125 [INFO]:
3. Conectando a la base de datos SQLite en '/media/homeUbuntu/luis/Documentos/cursos/fp_a_distancia/26-Python/gac/tarea2/db_in_sqlite.db'...
2026-02-26 12:21:20,714 - f:dbTipo:125 [INFO]:
3.1. BBDD eliminada
2026-02-26 12:21:20,714 - f:dbTipo:125 [INFO]:
3. Conectando a la base de datos SQLite en '/media/homeUbuntu/luis/Documentos/cursos/fp_a_distancia/26-Python/gac/tarea2/db_in_sqlite.db'...
2026-02-26 12:21:20,714 - f:dbTipo:125 [INFO]:
3.2. BBDD "db_in_sqlite.db" creada nuevamente
2026-02-26 12:21:20,722 - f:dbTipo:125 [INFO]:
3.3. Script sql ejecutado correctamente.
2026-02-26 12:21:20,724 - f:utils:29 [INFO]:
Aplicación funcionando en http://localhost:8080

        ***********************************************************************************************
        * Verifica que tu servidor web local está corriendo mediante el contenedor docker facilitado. *
        * En caso contrario puedes lanzarlo desde cli mediante el comando `docker compose up -d`.     *
        ***********************************************************************************************
        
2026-02-26 12:21:34,808 - f:App:55 [INFO]:
0. Inicio del programa
2026-02-26 12:21:34,808 - f:App:174 [INFO]:
Tipo de bbdd: sqlite
2026-02-26 12:21:34,811 - f:dbTipo:125 [INFO]:
3. Conectando a la base de datos SQLite en '/media/homeUbuntu/luis/Documentos/cursos/fp_a_distancia/26-Python/gac/tarea2/db_in_sqlite.db'...
2026-02-26 12:21:34,813 - f:dbTipo:125 [INFO]:
3.1. BBDD eliminada
2026-02-26 12:21:34,813 - f:dbTipo:125 [INFO]:
3. Conectando a la base de datos SQLite en '/media/homeUbuntu/luis/Documentos/cursos/fp_a_distancia/26-Python/gac/tarea2/db_in_sqlite.db'...
2026-02-26 12:21:34,813 - f:dbTipo:125 [INFO]:
3.2. BBDD "db_in_sqlite.db" creada nuevamente
2026-02-26 12:21:34,815 - f:dbTipo:125 [INFO]:
3.3. Script sql ejecutado correctamente.
2026-02-26 12:21:34,818 - f:utils:29 [INFO]:
Aplicación funcionando en http://localhost:8080

        ***********************************************************************************************
        * Verifica que tu servidor web local está corriendo mediante el contenedor docker facilitado. *
        * En caso contrario puedes lanzarlo desde cli mediante el comando `docker compose up -d`.     *
        ***********************************************************************************************
        
2026-02-26 12:21:57,375 - f:App:55 [INFO]:
0. Inicio del programa
2026-02-26 12:21:57,375 - f:App:174 [INFO]:
Tipo de bbdd: sqlite
2026-02-26 12:21:57,377 - f:dbTipo:125 [INFO]:
3. Conectando a la base de datos SQLite en '/media/homeUbuntu/luis/Documentos/cursos/fp_a_distancia/26-Python/gac/tarea2/db_in_sqlite.db'...
2026-02-26 12:21:57,380 - f:dbTipo:125 [INFO]:
3.1. BBDD eliminada
2026-02-26 12:21:57,380 - f:dbTipo:125 [INFO]:
3. Conectando a la base de datos SQLite en '/media/homeUbuntu/luis/Documentos/cursos/fp_a_distancia/26-Python/gac/tarea2/db_in_sqlite.db'...
2026-02-26 12:21:57,380 - f:dbTipo:125 [INFO]:
3.2. BBDD "db_in_sqlite.db" creada nuevamente
2026-02-26 12:21:57,388 - f:dbTipo:125 [INFO]:
3.3. Script sql ejecutado correctamente.
2026-02-26 12:21:57,391 - f:utils:29 [INFO]:
Aplicación funcionando en http://localhost:8080

        ***********************************************************************************************
        * Verifica que tu servidor web local está corriendo mediante el contenedor docker facilitado. *
        * En caso contrario puedes lanzarlo desde cli mediante el comando `docker compose up -d`.     *
        ***********************************************************************************************
        
2026-02-26 12:23:29,017 - f:App:55 [INFO]:
0. Inicio del programa
2026-02-26 12:23:29,017 - f:App:174 [INFO]:
Tipo de bbdd: sqlite
2026-02-26 12:23:29,020 - f:dbTipo:125 [INFO]:
3. Conectando a la base de datos SQLite en '/media/homeUbuntu/luis/Documentos/cursos/fp_a_distancia/26-Python/gac/tarea2/db_in_sqlite.db'...
2026-02-26 12:23:29,022 - f:dbTipo:125 [INFO]:
3.1. BBDD eliminada
2026-02-26 12:23:29,022 - f:dbTipo:125 [INFO]:
3. Conectando a la base de datos SQLite en '/media/homeUbuntu/luis/Documentos/cursos/fp_a_distancia/26-Python/gac/tarea2/db_in_sqlite.db'...
2026-02-26 12:23:29,022 - f:dbTipo:125 [INFO]:
3.2. BBDD "db_in_sqlite.db" creada nuevamente
2026-02-26 12:23:29,031 - f:dbTipo:125 [INFO]:
3.3. Script sql ejecutado correctamente.
2026-02-26 12:23:29,033 - f:utils:29 [INFO]:
Aplicación funcionando en http://localhost:8080

        ***********************************************************************************************
        * Verifica que tu servidor web local está corriendo mediante el contenedor docker facilitado. *
        * En caso contrario puedes lanzarlo desde cli mediante el comando `docker compose up -d`.     *
        ***********************************************************************************************
        
2026-02-26 12:23:36,188 - f:App:55 [INFO]:
0. Inicio del programa
2026-02-26 12:23:36,188 - f:App:174 [INFO]:
Tipo de bbdd: sqlite
2026-02-26 12:23:36,190 - f:dbTipo:125 [INFO]:
3. Conectando a la base de datos SQLite en '/media/homeUbuntu/luis/Documentos/cursos/fp_a_distancia/26-Python/gac/tarea2/db_in_sqlite.db'...
2026-02-26 12:23:36,193 - f:dbTipo:125 [INFO]:
3.1. BBDD eliminada
2026-02-26 12:23:36,193 - f:dbTipo:125 [INFO]:
3. Conectando a la base de datos SQLite en '/media/homeUbuntu/luis/Documentos/cursos/fp_a_distancia/26-Python/gac/tarea2/db_in_sqlite.db'...
2026-02-26 12:23:36,193 - f:dbTipo:125 [INFO]:
3.2. BBDD "db_in_sqlite.db" creada nuevamente
2026-02-26 12:23:36,201 - f:dbTipo:125 [INFO]:
3.3. Script sql ejecutado correctamente.
2026-02-26 12:23:36,202 - f:utils:29 [INFO]:
Aplicación funcionando en http://localhost:8080

        ***********************************************************************************************
        * Verifica que tu servidor web local está corriendo mediante el contenedor docker facilitado. *
        * En caso contrario puedes lanzarlo desde cli mediante el comando `docker compose up -d`.     *
        ***********************************************************************************************
        
2026-02-26 12:24:34,825 - f:App:55 [INFO]:
0. Inicio del programa
2026-02-26 12:24:34,825 - f:App:174 [INFO]:
Tipo de bbdd: sqlite
2026-02-26 12:24:34,827 - f:dbTipo:125 [INFO]:
3. Conectando a la base de datos SQLite en '/media/homeUbuntu/luis/Documentos/cursos/fp_a_distancia/26-Python/gac/tarea2/db_in_sqlite.db'...
2026-02-26 12:24:34,830 - f:dbTipo:125 [INFO]:
3.1. BBDD eliminada
2026-02-26 12:24:34,830 - f:dbTipo:125 [INFO]:
3. Conectando a la base de datos SQLite en '/media/homeUbuntu/luis/Documentos/cursos/fp_a_distancia/26-Python/gac/tarea2/db_in_sqlite.db'...
2026-02-26 12:24:34,830 - f:dbTipo:125 [INFO]:
3.2. BBDD "db_in_sqlite.db" creada nuevamente
2026-02-26 12:24:34,838 - f:dbTipo:125 [INFO]:
3.3. Script sql ejecutado correctamente.
2026-02-26 12:24:34,842 - f:pythonSalida:50 [INFO]:
Generando CRUD para tabla alumnos...
2026-02-26 12:24:34,842 - f:pythonSalida:51 [INFO]:
DB: db_in_sqlite.db, Tipo de salida: python
2026-02-26 12:24:34,843 - f:pythonSalida:50 [INFO]:
Generando CRUD para tabla calificaciones...
2026-02-26 12:24:34,843 - f:pythonSalida:51 [INFO]:
DB: db_in_sqlite.db, Tipo de salida: python
2026-02-26 12:24:34,844 - f:utils:29 [INFO]:
Lanzar aplicación con 'python3 /media/homeUbuntu/luis/Documentos/cursos/fp_a_distancia/26-Python/gac/tarea2/salida/python/crud.py'
2026-02-26 12:24:47,213 - f:App:55 [INFO]:
0. Inicio del programa
2026-02-26 12:24:47,213 - f:App:174 [INFO]:
Tipo de bbdd: sqlite
2026-02-26 12:24:47,215 - f:dbTipo:125 [INFO]:
3. Conectando a la base de datos SQLite en '/media/homeUbuntu/luis/Documentos/cursos/fp_a_distancia/26-Python/gac/tarea2/db_in_sqlite.db'...
2026-02-26 12:24:47,218 - f:dbTipo:125 [INFO]:
3.1. BBDD eliminada
2026-02-26 12:24:47,218 - f:dbTipo:125 [INFO]:
3. Conectando a la base de datos SQLite en '/media/homeUbuntu/luis/Documentos/cursos/fp_a_distancia/26-Python/gac/tarea2/db_in_sqlite.db'...
2026-02-26 12:24:47,218 - f:dbTipo:125 [INFO]:
3.2. BBDD "db_in_sqlite.db" creada nuevamente
2026-02-26 12:24:47,226 - f:dbTipo:125 [INFO]:
3.3. Script sql ejecutado correctamente.
2026-02-26 12:24:47,232 - f:pythonSalida:50 [INFO]:
Generando CRUD para tabla alumnos...
2026-02-26 12:24:47,232 - f:pythonSalida:51 [INFO]:
DB: db_in_sqlite.db, Tipo de salida: python
2026-02-26 12:24:47,233 - f:pythonSalida:50 [INFO]:
Generando CRUD para tabla calificaciones...
2026-02-26 12:24:47,233 - f:pythonSalida:51 [INFO]:
DB: db_in_sqlite.db, Tipo de salida: python
2026-02-26 12:24:47,235 - f:utils:29 [INFO]:
Lanzar aplicación con 'python3 /media/homeUbuntu/luis/Documentos/cursos/fp_a_distancia/26-Python/gac/tarea2/salida/python/crud.py'
2026-02-26 12:25:44,770 - f:App:55 [INFO]:
0. Inicio del programa
2026-02-26 12:25:44,770 - f:App:174 [INFO]:
Tipo de bbdd: sqlite
2026-02-26 12:25:44,773 - f:dbTipo:125 [INFO]:
3. Conectando a la base de datos SQLite en '/media/homeUbuntu/luis/Documentos/cursos/fp_a_distancia/26-Python/gac/tarea2/db_in_sqlite.db'...
2026-02-26 12:25:44,776 - f:dbTipo:125 [INFO]:
3.1. BBDD eliminada
2026-02-26 12:25:44,776 - f:dbTipo:125 [INFO]:
3. Conectando a la base de datos SQLite en '/media/homeUbuntu/luis/Documentos/cursos/fp_a_distancia/26-Python/gac/tarea2/db_in_sqlite.db'...
2026-02-26 12:25:44,776 - f:dbTipo:125 [INFO]:
3.2. BBDD "db_in_sqlite.db" creada nuevamente
2026-02-26 12:25:44,784 - f:dbTipo:125 [INFO]:
3.3. Script sql ejecutado correctamente.
2026-02-26 12:25:44,789 - f:pythonSalida:50 [INFO]:
Generando CRUD para tabla alumnos...
2026-02-26 12:25:44,789 - f:pythonSalida:51 [INFO]:
DB: db_in_sqlite.db, Tipo de salida: python
2026-02-26 12:25:44,790 - f:pythonSalida:50 [INFO]:
Generando CRUD para tabla calificaciones...
2026-02-26 12:25:44,790 - f:pythonSalida:51 [INFO]:
DB: db_in_sqlite.db, Tipo de salida: python
2026-02-26 12:25:44,791 - f:utils:29 [INFO]:
Lanzar aplicación con 'python3 /media/homeUbuntu/luis/Documentos/cursos/fp_a_distancia/26-Python/gac/tarea2/salida/python/crud.py'
2026-02-26 12:25:52,350 - f:App:55 [INFO]:
0. Inicio del programa
2026-02-26 12:25:52,350 - f:App:174 [INFO]:
Tipo de bbdd: sqlite
2026-02-26 12:25:52,352 - f:dbTipo:125 [INFO]:
3. Conectando a la base de datos SQLite en '/media/homeUbuntu/luis/Documentos/cursos/fp_a_distancia/26-Python/gac/tarea2/db_in_sqlite.db'...
2026-02-26 12:25:52,355 - f:dbTipo:125 [INFO]:
3.1. BBDD eliminada
2026-02-26 12:25:52,355 - f:dbTipo:125 [INFO]:
3. Conectando a la base de datos SQLite en '/media/homeUbuntu/luis/Documentos/cursos/fp_a_distancia/26-Python/gac/tarea2/db_in_sqlite.db'...
2026-02-26 12:25:52,355 - f:dbTipo:125 [INFO]:
3.2. BBDD "db_in_sqlite.db" creada nuevamente
2026-02-26 12:25:52,363 - f:dbTipo:125 [INFO]:
3.3. Script sql ejecutado correctamente.
2026-02-26 12:25:52,366 - f:utils:29 [INFO]:
Aplicación funcionando en http://localhost:8080

        ***********************************************************************************************
        * Verifica que tu servidor web local está corriendo mediante el contenedor docker facilitado. *
        * En caso contrario puedes lanzarlo desde cli mediante el comando `docker compose up -d`.     *
        ***********************************************************************************************
        
2026-06-02 11:58:39,335 - f:App:55 [INFO]:
0. Inicio del programa
2026-06-02 12:00:59,829 - f:App:55 [INFO]:
0. Inicio del programa
2026-06-02 12:01:52,980 - f:App:59 [INFO]:
0. Inicio del programa
2026-06-02 12:01:52,981 - f:App:178 [INFO]:
Tipo de bbdd: sqlite
2026-06-02 12:01:52,993 - f:dbTipo:125 [INFO]:
3. Conectando a la base de datos SQLite en '/home/luis/Documentos/cursos/master/GAC/tareas/tarea5/db_in_sqlite.db'...
2026-06-02 12:01:53,006 - f:utils:29 [INFO]:
Aplicación funcionando en http://localhost:8080

        ***********************************************************************************************
        * Verifica que tu servidor web local está corriendo mediante el contenedor docker facilitado. *
        * En caso contrario puedes lanzarlo desde cli mediante el comando `docker compose up -d`.     *
        ***********************************************************************************************
        
2026-06-02 12:08:25,984 - f:App:58 [INFO]:
0. Inicio del programa
2026-06-02 12:08:25,985 - f:App:180 [INFO]:
Tipo de bbdd: sqlite
2026-06-02 12:08:25,990 - f:dbTipo:125 [INFO]:
3. Conectando a la base de datos SQLite en '/home/luis/Documentos/cursos/master/GAC/tareas/tarea5/db_in_sqlite.db'...
2026-06-02 12:08:58,580 - f:App:58 [INFO]:
0. Inicio del programa
2026-06-02 12:08:58,581 - f:App:180 [INFO]:
Tipo de bbdd: sqlite
2026-06-02 12:08:58,585 - f:dbTipo:125 [INFO]:
3. Conectando a la base de datos SQLite en '/home/luis/Documentos/cursos/master/GAC/tareas/tarea5/db_in_sqlite.db'...
2026-06-02 12:09:14,859 - f:App:58 [INFO]:
0. Inicio del programa
2026-06-02 12:09:14,860 - f:App:180 [INFO]:
Tipo de bbdd: sqlite
2026-06-02 12:09:14,865 - f:dbTipo:125 [INFO]:
3. Conectando a la base de datos SQLite en '/home/luis/Documentos/cursos/master/GAC/tareas/tarea5/db_in_sqlite.db'...
2026-06-02 12:10:27,639 - f:App:58 [INFO]:
0. Inicio del programa
2026-06-02 12:10:27,640 - f:App:180 [INFO]:
Tipo de bbdd: sqlite
2026-06-02 12:10:27,645 - f:dbTipo:125 [INFO]:
3. Conectando a la base de datos SQLite en '/home/luis/Documentos/cursos/master/GAC/tareas/tarea5/db_in_sqlite.db'...
2026-06-02 12:16:47,931 - f:App:52 [INFO]:
0. Inicio del programa
2026-06-02 12:16:47,933 - f:App:179 [INFO]:
Tipo de bbdd: sqlite
2026-06-02 12:16:47,940 - f:dbTipo:125 [INFO]:
3. Conectando a la base de datos SQLite en '/home/luis/Documentos/cursos/master/GAC/tareas/tarea5/db_in_sqlite.db'...
2026-06-02 12:17:10,146 - f:App:52 [INFO]:
0. Inicio del programa
2026-06-02 12:17:10,147 - f:App:180 [INFO]:
Tipo de bbdd: sqlite
2026-06-02 12:17:10,151 - f:dbTipo:125 [INFO]:
3. Conectando a la base de datos SQLite en '/home/luis/Documentos/cursos/master/GAC/tareas/tarea5/db_in_sqlite.db'...
2026-06-02 12:17:26,119 - f:App:52 [INFO]:
0. Inicio del programa
2026-06-02 12:17:34,216 - f:App:52 [INFO]:
0. Inicio del programa
2026-06-02 12:17:34,222 - f:dbTipo:125 [INFO]:
3. Conectando a la base de datos SQLite en '/home/luis/Documentos/cursos/master/GAC/tareas/tarea5/db_in_sqlite.db'...
2026-06-02 12:18:56,034 - f:App:52 [INFO]:
0. Inicio del programa
2026-06-02 12:18:56,043 - f:dbTipo:125 [INFO]:
3. Conectando a la base de datos SQLite en '/home/luis/Documentos/cursos/master/GAC/tareas/tarea5/db_in_sqlite.db'...
2026-06-02 12:23:33,934 - f:App:52 [INFO]:
0. Inicio del programa
2026-06-02 12:23:33,940 - f:dbTipo:125 [INFO]:
3. Conectando a la base de datos SQLite en '/home/luis/Documentos/cursos/master/GAC/tareas/tarea5/db_in_sqlite.db'...
2026-06-02 12:26:20,528 - f:app_generadora:52 [INFO]:
0. Inicio del programa
2026-06-02 12:26:20,532 - f:dbTipo:125 [INFO]:
3. Conectando a la base de datos SQLite en '/home/luis/Documentos/cursos/master/GAC/tareas/tarea5/db_in_sqlite.db'...
